报名编号,姓名,身份,公司 / 项目,项目阶段,创业行业 / 关注方向,报名渠道,是否到场,对接意向,当前跟进状态,跟进负责人,下一步动作,备注
CROSS60-001,跨行业测试参与者001,创业者,虚构测试项目001,想法阶段,餐饮 / 食品,社群,是,寻找投资,待跟进,测试负责人A,测试动作：核实项目资金需求,跨行业创业活动模拟测试数据；人物、机构、需求与跟进内容均为虚构，不代表真实活动。
CROSS60-002,跨行业测试参与者002,创业者,虚构测试项目002,筹备中,餐饮 / 食品,朋友推荐,是,寻找合作伙伴,待跟进,测试负责人B,测试动作：确认合作事项与沟通时间,跨行业创业活动模拟测试数据；人物、机构、需求与跟进内容均为虚构，不代表真实活动。
CROSS60-003,跨行业测试参与者003,创业者,虚构测试项目003,已营业,餐饮 / 食品,公众号,是,招聘 / 人才,跟进中,测试负责人C,测试动作：整理岗位与人才需求,跨行业创业活动模拟测试数据；人物、机构、需求与跟进内容均为虚构，不代表真实活动。
CROSS60-004,跨行业测试参与者004,创业者,虚构测试项目004,扩张中,餐饮 / 食品,合作机构,是,寻找合作伙伴,已完成对接,,暂无,跨行业创业活动模拟测试数据；人物、机构、需求与跟进内容均为虚构，不代表真实活动。
CROSS60-005,跨行业测试参与者005,投资人,虚构测试项目005,,餐饮 / 食品,线下邀约,是,寻找创业者,已初步建联,测试负责人D,测试动作：确认关注行业与项目阶段,跨行业创业活动模拟测试数据；人物、机构、需求与跟进内容均为虚构，不代表真实活动。
CROSS60-006,跨行业测试参与者006,品牌主理人,虚构测试项目006,,餐饮 / 食品,社群,是,寻找合作伙伴,暂不跟进,,暂无,跨行业创业活动模拟测试数据；人物、机构、需求与跟进内容均为虚构，不代表真实活动。
CROSS60-007,跨行业测试参与者007,行业从业者,虚构测试项目007,,餐饮 / 食品,朋友推荐,是,行业交流,暂不跟进,,暂无,跨行业创业活动模拟测试数据；人物、机构、需求与跟进内容均为虚构，不代表真实活动。
CROSS60-008,跨行业测试参与者008,服务机构,,,餐饮 / 食品,公众号,是,,,,,跨行业创业活动模拟测试数据；人物、机构、需求与跟进内容均为虚构，不代表真实活动。
CROSS60-009,跨行业测试参与者009,产业嘉宾,虚构测试项目009,,餐饮 / 食品,合作机构,否,未到场,未到场,,未到场,跨行业创业活动模拟测试数据；人物、机构、需求与跟进内容均为虚构，不代表真实活动。
CROSS60-010,跨行业测试参与者010,其他,虚构测试项目010,,餐饮 / 食品,线下邀约,否,未到场,未到场,,未到场,跨行业创业活动模拟测试数据；人物、机构、需求与跟进内容均为虚构，不代表真实活动。
CROSS60-011,跨行业测试参与者011,创业者,虚构测试项目011,想法阶段,零售 / 消费品牌,朋友推荐,是,寻找投资,待跟进,测试负责人A,测试动作：核实项目资金需求,跨行业创业活动模拟测试数据；人物、机构、需求与跟进内容均为虚构，不代表真实活动。
CROSS60-012,跨行业测试参与者012,创业者,虚构测试项目012,筹备中,零售 / 消费品牌,公众号,是,寻找合作伙伴,待跟进,测试负责人B,测试动作：确认合作事项与沟通时间,跨行业创业活动模拟测试数据；人物、机构、需求与跟进内容均为虚构，不代表真实活动。
CROSS60-013,跨行业测试参与者013,创业者,虚构测试项目013,已营业,零售 / 消费品牌,合作机构,是,招聘 / 人才,跟进中,测试负责人C,测试动作：整理岗位与人才需求,跨行业创业活动模拟测试数据；人物、机构、需求与跟进内容均为虚构，不代表真实活动。
CROSS60-014,跨行业测试参与者014,创业者,虚构测试项目014,扩张中,零售 / 消费品牌,线下邀约,是,寻找合作伙伴,已完成对接,,暂无,跨行业创业活动模拟测试数据；人物、机构、需求与跟进内容均为虚构，不代表真实活动。
CROSS60-015,跨行业测试参与者015,投资人,虚构测试项目015,,零售 / 消费品牌,社群,是,寻找创业者,已初步建联,测试负责人D,测试动作：确认关注行业与项目阶段,跨行业创业活动模拟测试数据；人物、机构、需求与跟进内容均为虚构，不代表真实活动。
CROSS60-016,跨行业测试参与者016,品牌主理人,虚构测试项目016,,零售 / 消费品牌,朋友推荐,是,寻找合作伙伴,暂不跟进,,暂无,跨行业创业活动模拟测试数据；人物、机构、需求与跟进内容均为虚构，不代表真实活动。
CROSS60-017,跨行业测试参与者017,行业从业者,虚构测试项目017,,零售 / 消费品牌,公众号,是,行业交流,暂不跟进,,暂无,跨行业创业活动模拟测试数据；人物、机构、需求与跟进内容均为虚构，不代表真实活动。
CROSS60-018,跨行业测试参与者018,服务机构,,,零售 / 消费品牌,合作机构,是,,,,,跨行业创业活动模拟测试数据；人物、机构、需求与跟进内容均为虚构，不代表真实活动。
CROSS60-019,跨行业测试参与者019,产业嘉宾,虚构测试项目019,,零售 / 消费品牌,线下邀约,否,未到场,未到场,,未到场,跨行业创业活动模拟测试数据；人物、机构、需求与跟进内容均为虚构，不代表真实活动。
CROSS60-020,跨行业测试参与者020,其他,虚构测试项目020,,零售 / 消费品牌,社群,否,未到场,未到场,,未到场,跨行业创业活动模拟测试数据；人物、机构、需求与跟进内容均为虚构，不代表真实活动。
CROSS60-021,跨行业测试参与者021,创业者,虚构测试项目021,想法阶段,电商,公众号,是,寻找投资,待跟进,测试负责人A,测试动作：核实项目资金需求,跨行业创业活动模拟测试数据；人物、机构、需求与跟进内容均为虚构，不代表真实活动。
CROSS60-022,跨行业测试参与者022,创业者,虚构测试项目022,筹备中,电商,合作机构,是,寻找合作伙伴,待跟进,测试负责人B,测试动作：确认合作事项与沟通时间,跨行业创业活动模拟测试数据；人物、机构、需求与跟进内容均为虚构，不代表真实活动。
CROSS60-023,跨行业测试参与者023,创业者,虚构测试项目023,已营业,电商,线下邀约,是,招聘 / 人才,跟进中,测试负责人C,测试动作：整理岗位与人才需求,跨行业创业活动模拟测试数据；人物、机构、需求与跟进内容均为虚构，不代表真实活动。
CROSS60-024,跨行业测试参与者024,创业者,虚构测试项目024,扩张中,电商,社群,是,寻找合作伙伴,已完成对接,,暂无,跨行业创业活动模拟测试数据；人物、机构、需求与跟进内容均为虚构，不代表真实活动。
CROSS60-025,跨行业测试参与者025,投资人,虚构测试项目025,,电商,朋友推荐,是,寻找创业者,已初步建联,测试负责人D,测试动作：确认关注行业与项目阶段,跨行业创业活动模拟测试数据；人物、机构、需求与跟进内容均为虚构，不代表真实活动。
CROSS60-026,跨行业测试参与者026,品牌主理人,虚构测试项目026,,电商,公众号,是,寻找合作伙伴,暂不跟进,,暂无,跨行业创业活动模拟测试数据；人物、机构、需求与跟进内容均为虚构，不代表真实活动。
CROSS60-027,跨行业测试参与者027,行业从业者,虚构测试项目027,,电商,合作机构,是,行业交流,暂不跟进,,暂无,跨行业创业活动模拟测试数据；人物、机构、需求与跟进内容均为虚构，不代表真实活动。
CROSS60-028,跨行业测试参与者028,服务机构,,,电商,线下邀约,是,,,,,跨行业创业活动模拟测试数据；人物、机构、需求与跟进内容均为虚构，不代表真实活动。
CROSS60-029,跨行业测试参与者029,产业嘉宾,虚构测试项目029,,电商,社群,否,未到场,未到场,,未到场,跨行业创业活动模拟测试数据；人物、机构、需求与跟进内容均为虚构，不代表真实活动。
CROSS60-030,跨行业测试参与者030,其他,虚构测试项目030,,电商,朋友推荐,否,未到场,未到场,,未到场,跨行业创业活动模拟测试数据；人物、机构、需求与跟进内容均为虚构，不代表真实活动。
CROSS60-031,跨行业测试参与者031,创业者,虚构测试项目031,想法阶段,文化创意,合作机构,是,寻找投资,待跟进,测试负责人A,测试动作：核实项目资金需求,跨行业创业活动模拟测试数据；人物、机构、需求与跟进内容均为虚构，不代表真实活动。
CROSS60-032,跨行业测试参与者032,创业者,虚构测试项目032,筹备中,文化创意,线下邀约,是,寻找合作伙伴,待跟进,测试负责人B,测试动作：确认合作事项与沟通时间,跨行业创业活动模拟测试数据；人物、机构、需求与跟进内容均为虚构，不代表真实活动。
CROSS60-033,跨行业测试参与者033,创业者,虚构测试项目033,已营业,文化创意,社群,是,招聘 / 人才,跟进中,测试负责人C,测试动作：整理岗位与人才需求,跨行业创业活动模拟测试数据；人物、机构、需求与跟进内容均为虚构，不代表真实活动。
CROSS60-034,跨行业测试参与者034,创业者,虚构测试项目034,扩张中,文化创意,朋友推荐,是,寻找合作伙伴,已完成对接,,暂无,跨行业创业活动模拟测试数据；人物、机构、需求与跟进内容均为虚构，不代表真实活动。
CROSS60-035,跨行业测试参与者035,投资人,虚构测试项目035,,文化创意,公众号,是,寻找创业者,已初步建联,测试负责人D,测试动作：确认关注行业与项目阶段,跨行业创业活动模拟测试数据；人物、机构、需求与跟进内容均为虚构，不代表真实活动。
CROSS60-036,跨行业测试参与者036,品牌主理人,虚构测试项目036,,文化创意,合作机构,是,寻找合作伙伴,暂不跟进,,暂无,跨行业创业活动模拟测试数据；人物、机构、需求与跟进内容均为虚构，不代表真实活动。
CROSS60-037,跨行业测试参与者037,行业从业者,虚构测试项目037,,文化创意,线下邀约,是,行业交流,暂不跟进,,暂无,跨行业创业活动模拟测试数据；人物、机构、需求与跟进内容均为虚构，不代表真实活动。
CROSS60-038,跨行业测试参与者038,服务机构,,,文化创意,社群,是,,,,,跨行业创业活动模拟测试数据；人物、机构、需求与跟进内容均为虚构，不代表真实活动。
CROSS60-039,跨行业测试参与者039,产业嘉宾,虚构测试项目039,,文化创意,朋友推荐,否,未到场,未到场,,未到场,跨行业创业活动模拟测试数据；人物、机构、需求与跟进内容均为虚构，不代表真实活动。
CROSS60-040,跨行业测试参与者040,其他,虚构测试项目040,,文化创意,公众号,否,未到场,未到场,,未到场,跨行业创业活动模拟测试数据；人物、机构、需求与跟进内容均为虚构，不代表真实活动。
CROSS60-041,跨行业测试参与者041,创业者,虚构测试项目041,想法阶段,专业服务,线下邀约,是,寻找投资,待跟进,测试负责人A,测试动作：核实项目资金需求,跨行业创业活动模拟测试数据；人物、机构、需求与跟进内容均为虚构，不代表真实活动。
CROSS60-042,跨行业测试参与者042,创业者,虚构测试项目042,筹备中,专业服务,社群,是,寻找合作伙伴,待跟进,测试负责人B,测试动作：确认合作事项与沟通时间,跨行业创业活动模拟测试数据；人物、机构、需求与跟进内容均为虚构，不代表真实活动。
CROSS60-043,跨行业测试参与者043,创业者,虚构测试项目043,已营业,专业服务,朋友推荐,是,招聘 / 人才,跟进中,测试负责人C,测试动作：整理岗位与人才需求,跨行业创业活动模拟测试数据；人物、机构、需求与跟进内容均为虚构，不代表真实活动。
CROSS60-044,跨行业测试参与者044,创业者,虚构测试项目044,扩张中,专业服务,公众号,是,寻找合作伙伴,已完成对接,,暂无,跨行业创业活动模拟测试数据；人物、机构、需求与跟进内容均为虚构，不代表真实活动。
CROSS60-045,跨行业测试参与者045,投资人,虚构测试项目045,,专业服务,合作机构,是,寻找创业者,已初步建联,测试负责人D,测试动作：确认关注行业与项目阶段,跨行业创业活动模拟测试数据；人物、机构、需求与跟进内容均为虚构，不代表真实活动。
CROSS60-046,跨行业测试参与者046,品牌主理人,虚构测试项目046,,专业服务,线下邀约,是,寻找合作伙伴,暂不跟进,,暂无,跨行业创业活动模拟测试数据；人物、机构、需求与跟进内容均为虚构，不代表真实活动。
CROSS60-047,跨行业测试参与者047,行业从业者,虚构测试项目047,,专业服务,社群,是,行业交流,暂不跟进,,暂无,跨行业创业活动模拟测试数据；人物、机构、需求与跟进内容均为虚构，不代表真实活动。
CROSS60-048,跨行业测试参与者048,服务机构,,,专业服务,朋友推荐,是,,,,,跨行业创业活动模拟测试数据；人物、机构、需求与跟进内容均为虚构，不代表真实活动。
CROSS60-049,跨行业测试参与者049,产业嘉宾,虚构测试项目049,,专业服务,公众号,否,未到场,未到场,,未到场,跨行业创业活动模拟测试数据；人物、机构、需求与跟进内容均为虚构，不代表真实活动。
CROSS60-050,跨行业测试参与者050,其他,虚构测试项目050,,专业服务,合作机构,否,未到场,未到场,,未到场,跨行业创业活动模拟测试数据；人物、机构、需求与跟进内容均为虚构，不代表真实活动。
CROSS60-051,跨行业测试参与者051,创业者,虚构测试项目051,想法阶段,科技创业,社群,是,寻找投资,待跟进,测试负责人A,测试动作：核实项目资金需求,跨行业创业活动模拟测试数据；人物、机构、需求与跟进内容均为虚构，不代表真实活动。
CROSS60-052,跨行业测试参与者052,创业者,虚构测试项目052,筹备中,科技创业,朋友推荐,是,寻找合作伙伴,待跟进,测试负责人B,测试动作：确认合作事项与沟通时间,跨行业创业活动模拟测试数据；人物、机构、需求与跟进内容均为虚构，不代表真实活动。
CROSS60-053,跨行业测试参与者053,创业者,虚构测试项目053,已营业,科技创业,公众号,是,招聘 / 人才,跟进中,测试负责人C,测试动作：整理岗位与人才需求,跨行业创业活动模拟测试数据；人物、机构、需求与跟进内容均为虚构，不代表真实活动。
CROSS60-054,跨行业测试参与者054,创业者,虚构测试项目054,扩张中,科技创业,合作机构,是,寻找合作伙伴,已完成对接,,暂无,跨行业创业活动模拟测试数据；人物、机构、需求与跟进内容均为虚构，不代表真实活动。
CROSS60-055,跨行业测试参与者055,投资人,虚构测试项目055,,科技创业,线下邀约,是,寻找创业者,已初步建联,测试负责人D,测试动作：确认关注行业与项目阶段,跨行业创业活动模拟测试数据；人物、机构、需求与跟进内容均为虚构，不代表真实活动。
CROSS60-056,跨行业测试参与者056,品牌主理人,虚构测试项目056,,科技创业,社群,是,寻找合作伙伴,暂不跟进,,暂无,跨行业创业活动模拟测试数据；人物、机构、需求与跟进内容均为虚构，不代表真实活动。
CROSS60-057,跨行业测试参与者057,行业从业者,虚构测试项目057,,科技创业,朋友推荐,是,行业交流,暂不跟进,,暂无,跨行业创业活动模拟测试数据；人物、机构、需求与跟进内容均为虚构，不代表真实活动。
CROSS60-058,跨行业测试参与者058,服务机构,,,科技创业,公众号,是,,,,,跨行业创业活动模拟测试数据；人物、机构、需求与跟进内容均为虚构，不代表真实活动。
CROSS60-059,跨行业测试参与者059,产业嘉宾,虚构测试项目059,,科技创业,合作机构,否,未到场,未到场,,未到场,跨行业创业活动模拟测试数据；人物、机构、需求与跟进内容均为虚构，不代表真实活动。
CROSS60-060,跨行业测试参与者060,其他,虚构测试项目060,,科技创业,线下邀约,否,未到场,未到场,,未到场,跨行业创业活动模拟测试数据；人物、机构、需求与跟进内容均为虚构，不代表真实活动。
