报名编号,姓名,身份,公司 / 项目,项目阶段,方向,报名渠道,是否到场,对接意向,当前跟进状态,跟进负责人,下一步动作,备注
SIM300-0052,测试参与者052,创业者,虚构测试项目052,已上线,Robotics,社群,是,寻找投资,待跟进,测试负责人C,测试动作：预约项目沟通并整理融资需求,300人规模测试；人物、机构、意向和跟进信息均为虚构模拟数据。
SIM300-0211,测试参与者211,科技从业者,虚构测试机构211,,AI 应用,社群,是,行业交流,暂不跟进,,暂无,300人规模测试；人物、机构、意向和跟进信息均为虚构模拟数据。
SIM300-0004,测试参与者004,创业者,虚构测试项目004,融资中,开发者工具,朋友推荐,否,未到场,未到场,,未到场,300人规模测试；人物、机构、意向和跟进信息均为虚构模拟数据。
SIM300-0238,测试参与者238,科技从业者,,,AI Agent,社群,是,暂无明确需求,暂不跟进,,暂无,300人规模测试；人物、机构、意向和跟进信息均为虚构模拟数据。
SIM300-0193,测试参与者193,科技从业者,虚构测试机构193,,开发者工具,社群,否,未到场,未到场,,未到场,300人规模测试；人物、机构、意向和跟进信息均为虚构模拟数据。
SIM300-0181,测试参与者181,科技从业者,虚构测试机构181,,其他,合作机构,否,未到场,未到场,,未到场,300人规模测试；人物、机构、意向和跟进信息均为虚构模拟数据。
SIM300-0277,测试参与者277,其他,虚构测试机构277,,开发者工具,公众号,否,未到场,未到场,,未到场,300人规模测试；人物、机构、意向和跟进信息均为虚构模拟数据。
SIM300-0217,测试参与者217,科技从业者,虚构测试机构217,,AI Agent,社群,是,寻找合作伙伴,待跟进,测试负责人A,测试动作：整理合作需求并预约双方沟通,300人规模测试；人物、机构、意向和跟进信息均为虚构模拟数据。
SIM300-0183,测试参与者183,科技从业者,虚构测试机构183,,AI 应用,社群,是,暂无明确需求,暂不跟进,,暂无,300人规模测试；人物、机构、意向和跟进信息均为虚构模拟数据。
SIM300-0018,测试参与者018,创业者,虚构测试项目018,已有收入,开发者工具,合作机构,是,寻找合作伙伴,待跟进,测试负责人A,测试动作：整理合作需求并预约双方沟通,300人规模测试；人物、机构、意向和跟进信息均为虚构模拟数据。
SIM300-0010,测试参与者010,创业者,虚构测试项目010,想法阶段,Robotics,社群,是,寻找合作伙伴,待跟进,测试负责人A,测试动作：整理合作需求并预约双方沟通,300人规模测试；人物、机构、意向和跟进信息均为虚构模拟数据。
SIM300-0297,测试参与者297,其他,虚构测试机构297,,Robotics,朋友推荐,否,未到场,未到场,,未到场,300人规模测试；人物、机构、意向和跟进信息均为虚构模拟数据。
SIM300-0005,测试参与者005,创业者,虚构测试项目005,想法阶段,消费科技,合作机构,否,未到场,未到场,,未到场,300人规模测试；人物、机构、意向和跟进信息均为虚构模拟数据。
SIM300-0090,测试参与者090,创业者,虚构测试项目090,想法阶段,其他,社群,是,寻找合作伙伴,待跟进,测试负责人B,测试动作：整理合作需求并预约双方沟通,300人规模测试；人物、机构、意向和跟进信息均为虚构模拟数据。
SIM300-0282,测试参与者282,其他,虚构测试机构282,,企业服务 / SaaS,公众号,是,招聘 / 人才,待跟进,测试负责人D,测试动作：确认岗位方向并安排人才交流,300人规模测试；人物、机构、意向和跟进信息均为虚构模拟数据。
SIM300-0024,测试参与者024,创业者,虚构测试项目024,融资中,Robotics,公众号,是,行业交流,暂不跟进,,暂无,300人规模测试；人物、机构、意向和跟进信息均为虚构模拟数据。
SIM300-0275,测试参与者275,其他,虚构测试机构275,,企业服务 / SaaS,社群,是,招聘 / 人才,已完成对接,,暂无,300人规模测试；人物、机构、意向和跟进信息均为虚构模拟数据。
SIM300-0210,测试参与者210,科技从业者,虚构测试机构210,,AI Agent,公众号,否,未到场,未到场,,未到场,300人规模测试；人物、机构、意向和跟进信息均为虚构模拟数据。
SIM300-0008,测试参与者008,创业者,虚构测试项目008,已有收入,AI 应用,朋友推荐,是,招聘 / 人才,待跟进,测试负责人C,测试动作：确认岗位方向并安排人才交流,300人规模测试；人物、机构、意向和跟进信息均为虚构模拟数据。
SIM300-0296,测试参与者296,其他,虚构测试机构296,,企业服务 / SaaS,社群,是,寻找合作伙伴,跟进中,测试负责人A,测试动作：整理合作需求并预约双方沟通,"300人规模测试；人物、机构、意向和跟进信息均为虚构模拟数据。 测试备注含英文逗号,以及""引号""。"
SIM300-0236,测试参与者236,科技从业者,虚构测试机构236,,消费科技,小红书,是,,,,,300人规模测试；人物、机构、意向和跟进信息均为虚构模拟数据。
SIM300-0115,测试参与者115,创业者,虚构测试项目115,想法阶段,,朋友推荐,是,招聘 / 人才,已完成对接,,暂无,300人规模测试；人物、机构、意向和跟进信息均为虚构模拟数据。
SIM300-0194,测试参与者194,科技从业者,虚构测试机构194,,消费科技,社群,是,招聘 / 人才,待跟进,测试负责人D,测试动作：确认岗位方向并安排人才交流,300人规模测试；人物、机构、意向和跟进信息均为虚构模拟数据。
SIM300-0028,测试参与者028,创业者,虚构测试项目028,已有收入,AI Agent,公众号,否,未到场,未到场,,未到场,300人规模测试；人物、机构、意向和跟进信息均为虚构模拟数据。
SIM300-0012,测试参与者012,创业者,虚构测试项目012,已上线,消费科技,小红书,是,招聘 / 人才,跟进中,测试负责人C,测试动作：确认岗位方向并安排人才交流,300人规模测试；人物、机构、意向和跟进信息均为虚构模拟数据。
SIM300-0254,测试参与者254,产业嘉宾,虚构测试机构254,,企业服务 / SaaS,社群,是,寻找创业者,待跟进,测试负责人D,测试动作：安排创业者介绍并确认关注方向,300人规模测试；人物、机构、意向和跟进信息均为虚构模拟数据。
SIM300-0030,测试参与者030,创业者,虚构测试项目030,想法阶段,企业服务 / SaaS,公众号,是,暂无明确需求,暂不跟进,,暂无,300人规模测试；人物、机构、意向和跟进信息均为虚构模拟数据。
SIM300-0105,测试参与者105,创业者,虚构测试项目105,想法阶段,AI Agent,社群,是,寻找投资,已完成对接,,暂无,300人规模测试；人物、机构、意向和跟进信息均为虚构模拟数据。
SIM300-0020,测试参与者020,创业者,虚构测试项目020,想法阶段,其他,社群,是,寻找合作伙伴,待跟进,测试负责人C,测试动作：整理合作需求并预约双方沟通,300人规模测试；人物、机构、意向和跟进信息均为虚构模拟数据。
SIM300-0092,测试参与者092,创业者,虚构测试项目092,已上线,,公众号,否,未到场,未到场,,未到场,300人规模测试；人物、机构、意向和跟进信息均为虚构模拟数据。
SIM300-0139,测试参与者139,投资人,虚构测试机构139,,其他,朋友推荐,是,寻找合作伙伴,跟进中,测试负责人B,测试动作：整理合作需求并预约双方沟通,300人规模测试；人物、机构、意向和跟进信息均为虚构模拟数据。
SIM300-0068,测试参与者068,创业者,,已有收入,消费科技,社群,是,寻找合作伙伴,待跟进,测试负责人B,测试动作：整理合作需求并预约双方沟通,300人规模测试；人物、机构、意向和跟进信息均为虚构模拟数据。
SIM300-0233,测试参与者233,科技从业者,虚构测试机构233,,企业服务 / SaaS,朋友推荐,否,未到场,未到场,,未到场,300人规模测试；人物、机构、意向和跟进信息均为虚构模拟数据。
SIM300-0096,测试参与者096,创业者,虚构测试项目096,MVP,消费科技,社群,否,未到场,未到场,,未到场,300人规模测试；人物、机构、意向和跟进信息均为虚构模拟数据。
SIM300-0150,测试参与者150,投资人,虚构测试机构150,,Robotics,社群,是,寻找合作伙伴,跟进中,测试负责人B,测试动作：整理合作需求并预约双方沟通,300人规模测试；人物、机构、意向和跟进信息均为虚构模拟数据。
SIM300-0038,测试参与者038,创业者,虚构测试项目038,已有收入,Robotics,社群,是,寻找投资,已完成对接,,暂无,300人规模测试；人物、机构、意向和跟进信息均为虚构模拟数据。
SIM300-0177,测试参与者177,投资人,虚构测试机构177,,企业服务 / SaaS,社群,否,未到场,未到场,,未到场,300人规模测试；人物、机构、意向和跟进信息均为虚构模拟数据。
SIM300-0215,测试参与者215,科技从业者,虚构测试机构215,,消费科技,公众号,否,未到场,未到场,,未到场,300人规模测试；人物、机构、意向和跟进信息均为虚构模拟数据。
SIM300-0213,测试参与者213,科技从业者,虚构测试机构213,,Robotics,公众号,是,寻找合作伙伴,已初步建联,测试负责人C,测试动作：整理合作需求并预约双方沟通,300人规模测试；人物、机构、意向和跟进信息均为虚构模拟数据。
SIM300-0083,测试参与者083,创业者,虚构测试项目083,已有收入,其他,公众号,否,未到场,未到场,,未到场,300人规模测试；人物、机构、意向和跟进信息均为虚构模拟数据。
SIM300-0026,测试参与者026,创业者,虚构测试项目026,MVP,消费科技,公众号,是,招聘 / 人才,已初步建联,测试负责人C,测试动作：确认岗位方向并安排人才交流,300人规模测试；人物、机构、意向和跟进信息均为虚构模拟数据。
SIM300-0273,测试参与者273,其他,虚构测试机构273,,AI Agent,小红书,是,招聘 / 人才,待跟进,测试负责人B,测试动作：确认岗位方向并安排人才交流,300人规模测试；人物、机构、意向和跟进信息均为虚构模拟数据。
SIM300-0066,测试参与者066,创业者,虚构测试项目066,MVP,Robotics,朋友推荐,是,寻找投资,暂不跟进,,暂无,300人规模测试；人物、机构、意向和跟进信息均为虚构模拟数据。
SIM300-0244,测试参与者244,产业嘉宾,虚构测试机构244,,其他,合作机构,是,寻找创业者,待跟进,测试负责人B,测试动作：安排创业者介绍并确认关注方向,300人规模测试；人物、机构、意向和跟进信息均为虚构模拟数据。
SIM300-0271,测试参与者271,其他,虚构测试机构271,,消费科技,公众号,是,招聘 / 人才,已完成对接,,暂无,300人规模测试；人物、机构、意向和跟进信息均为虚构模拟数据。
SIM300-0195,测试参与者195,科技从业者,虚构测试机构195,,其他,朋友推荐,是,招聘 / 人才,已初步建联,测试负责人D,测试动作：确认岗位方向并安排人才交流,300人规模测试；人物、机构、意向和跟进信息均为虚构模拟数据。
SIM300-0140,测试参与者140,投资人,虚构测试机构140,,AI Agent,朋友推荐,是,寻找合作伙伴,待跟进,测试负责人D,测试动作：整理合作需求并预约双方沟通,300人规模测试；人物、机构、意向和跟进信息均为虚构模拟数据。
SIM300-0067,测试参与者067,创业者,虚构测试项目067,已上线,开发者工具,朋友推荐,是,寻找合作伙伴,待跟进,测试负责人C,测试动作：整理合作需求并预约双方沟通,300人规模测试；人物、机构、意向和跟进信息均为虚构模拟数据。
SIM300-0108,测试参与者108,创业者,虚构测试项目108,已有收入,Robotics,社群,否,未到场,未到场,,未到场,300人规模测试；人物、机构、意向和跟进信息均为虚构模拟数据。
SIM300-0107,测试参与者107,创业者,虚构测试项目107,已上线,企业服务 / SaaS,合作机构,是,招聘 / 人才,已初步建联,测试负责人C,测试动作：确认岗位方向并安排人才交流,300人规模测试；人物、机构、意向和跟进信息均为虚构模拟数据。
SIM300-0074,测试参与者074,创业者,虚构测试项目074,融资中,开发者工具,社群,是,招聘 / 人才,已初步建联,测试负责人A,测试动作：确认岗位方向并安排人才交流,"300人规模测试；人物、机构、意向和跟进信息均为虚构模拟数据。 测试备注含英文逗号,以及""引号""。"
SIM300-0229,测试参与者229,科技从业者,虚构测试机构229,,消费科技,小红书,否,未到场,未到场,,未到场,300人规模测试；人物、机构、意向和跟进信息均为虚构模拟数据。
SIM300-0046,测试参与者046,创业者,虚构测试项目046,MVP,,社群,是,寻找合作伙伴,待跟进,测试负责人B,测试动作：整理合作需求并预约双方沟通,300人规模测试；人物、机构、意向和跟进信息均为虚构模拟数据。
SIM300-0169,测试参与者169,投资人,虚构测试机构169,,AI 应用,公众号,是,行业交流,暂不跟进,,暂无,300人规模测试；人物、机构、意向和跟进信息均为虚构模拟数据。
SIM300-0081,测试参与者081,创业者,虚构测试项目081,MVP,开发者工具,公众号,是,行业交流,暂不跟进,,暂无,300人规模测试；人物、机构、意向和跟进信息均为虚构模拟数据。
SIM300-0247,测试参与者247,产业嘉宾,虚构测试机构247,,企业服务 / SaaS,朋友推荐,否,未到场,未到场,,未到场,300人规模测试；人物、机构、意向和跟进信息均为虚构模拟数据。
SIM300-0085,测试参与者085,创业者,,想法阶段,AI 应用,社群,是,寻找投资,待跟进,测试负责人D,测试动作：预约项目沟通并整理融资需求,300人规模测试；人物、机构、意向和跟进信息均为虚构模拟数据。
SIM300-0268,测试参与者268,产业嘉宾,虚构测试机构268,,企业服务 / SaaS,社群,是,行业交流,暂不跟进,,暂无,300人规模测试；人物、机构、意向和跟进信息均为虚构模拟数据。
SIM300-0142,测试参与者142,投资人,虚构测试机构142,,企业服务 / SaaS,合作机构,是,寻找合作伙伴,已完成对接,,暂无,300人规模测试；人物、机构、意向和跟进信息均为虚构模拟数据。
SIM300-0295,测试参与者295,其他,虚构测试机构295,,AI 应用,朋友推荐,是,寻找合作伙伴,待跟进,测试负责人C,测试动作：整理合作需求并预约双方沟通,300人规模测试；人物、机构、意向和跟进信息均为虚构模拟数据。
SIM300-0208,测试参与者208,科技从业者,虚构测试机构208,,消费科技,社群,是,招聘 / 人才,暂不跟进,,暂无,300人规模测试；人物、机构、意向和跟进信息均为虚构模拟数据。
SIM300-0080,测试参与者080,创业者,虚构测试项目080,想法阶段,Robotics,小红书,否,未到场,未到场,,未到场,300人规模测试；人物、机构、意向和跟进信息均为虚构模拟数据。
SIM300-0154,测试参与者154,投资人,虚构测试机构154,,AI Agent,社群,是,寻找创业者,跟进中,测试负责人C,测试动作：安排创业者介绍并确认关注方向,300人规模测试；人物、机构、意向和跟进信息均为虚构模拟数据。
SIM300-0160,测试参与者160,投资人,虚构测试机构160,,其他,公众号,是,寻找合作伙伴,待跟进,测试负责人D,测试动作：整理合作需求并预约双方沟通,300人规模测试；人物、机构、意向和跟进信息均为虚构模拟数据。
SIM300-0062,测试参与者062,创业者,虚构测试项目062,已上线,其他,公众号,是,寻找合作伙伴,已完成对接,,暂无,300人规模测试；人物、机构、意向和跟进信息均为虚构模拟数据。
SIM300-0131,测试参与者131,投资人,虚构测试机构131,,消费科技,公众号,否,未到场,未到场,,未到场,300人规模测试；人物、机构、意向和跟进信息均为虚构模拟数据。
SIM300-0278,测试参与者278,其他,虚构测试机构278,,消费科技,小红书,否,未到场,未到场,,未到场,300人规模测试；人物、机构、意向和跟进信息均为虚构模拟数据。
SIM300-0288,测试参与者288,其他,虚构测试机构288,,AI 应用,朋友推荐,否,未到场,未到场,,未到场,300人规模测试；人物、机构、意向和跟进信息均为虚构模拟数据。
SIM300-0089,测试参与者089,创业者,虚构测试项目089,融资中,消费科技,社群,是,寻找投资,待跟进,测试负责人A,测试动作：预约项目沟通并整理融资需求,300人规模测试；人物、机构、意向和跟进信息均为虚构模拟数据。
SIM300-0134,测试参与者134,投资人,虚构测试机构134,,AI 应用,公众号,否,未到场,未到场,,未到场,300人规模测试；人物、机构、意向和跟进信息均为虚构模拟数据。
SIM300-0002,测试参与者002,创业者,虚构测试项目002,已上线,企业服务 / SaaS,公众号,是,暂无明确需求,暂不跟进,,暂无,300人规模测试；人物、机构、意向和跟进信息均为虚构模拟数据。
SIM300-0129,测试参与者129,投资人,虚构测试机构129,,Robotics,小红书,是,行业交流,暂不跟进,,暂无,300人规模测试；人物、机构、意向和跟进信息均为虚构模拟数据。
SIM300-0070,测试参与者070,创业者,虚构测试项目070,想法阶段,AI Agent,社群,否,未到场,未到场,,未到场,300人规模测试；人物、机构、意向和跟进信息均为虚构模拟数据。
SIM300-0118,测试参与者118,创业者,虚构测试项目118,已有收入,其他,社群,是,招聘 / 人才,已初步建联,测试负责人D,测试动作：确认岗位方向并安排人才交流,300人规模测试；人物、机构、意向和跟进信息均为虚构模拟数据。
SIM300-0048,测试参与者048,创业者,虚构测试项目048,已有收入,其他,小红书,否,未到场,未到场,,未到场,300人规模测试；人物、机构、意向和跟进信息均为虚构模拟数据。
SIM300-0114,测试参与者114,创业者,虚构测试项目114,融资中,企业服务 / SaaS,朋友推荐,否,未到场,未到场,,未到场,300人规模测试；人物、机构、意向和跟进信息均为虚构模拟数据。
SIM300-0251,测试参与者251,产业嘉宾,虚构测试机构251,,其他,朋友推荐,否,未到场,未到场,,未到场,300人规模测试；人物、机构、意向和跟进信息均为虚构模拟数据。
SIM300-0166,测试参与者166,投资人,虚构测试机构166,,消费科技,朋友推荐,是,暂无明确需求,暂不跟进,,暂无,300人规模测试；人物、机构、意向和跟进信息均为虚构模拟数据。
SIM300-0221,测试参与者221,科技从业者,,,开发者工具,朋友推荐,是,招聘 / 人才,已完成对接,,暂无,300人规模测试；人物、机构、意向和跟进信息均为虚构模拟数据。
SIM300-0168,测试参与者168,投资人,虚构测试机构168,,AI Agent,朋友推荐,是,寻找合作伙伴,已初步建联,测试负责人D,测试动作：整理合作需求并预约双方沟通,300人规模测试；人物、机构、意向和跟进信息均为虚构模拟数据。
SIM300-0270,测试参与者270,产业嘉宾,虚构测试机构270,,开发者工具,朋友推荐,是,暂无明确需求,暂不跟进,,暂无,300人规模测试；人物、机构、意向和跟进信息均为虚构模拟数据。
SIM300-0281,测试参与者281,其他,虚构测试机构281,,AI 应用,小红书,是,招聘 / 人才,已完成对接,,暂无,300人规模测试；人物、机构、意向和跟进信息均为虚构模拟数据。
SIM300-0187,测试参与者187,科技从业者,,,消费科技,社群,是,暂无明确需求,暂不跟进,,暂无,300人规模测试；人物、机构、意向和跟进信息均为虚构模拟数据。
SIM300-0300,测试参与者300,其他,虚构测试机构300,,其他,公众号,是,寻找合作伙伴,跟进中,测试负责人A,测试动作：整理合作需求并预约双方沟通,300人规模测试；人物、机构、意向和跟进信息均为虚构模拟数据。
SIM300-0065,测试参与者065,创业者,虚构测试项目065,想法阶段,企业服务 / SaaS,小红书,否,未到场,未到场,,未到场,300人规模测试；人物、机构、意向和跟进信息均为虚构模拟数据。
SIM300-0146,测试参与者146,投资人,虚构测试机构146,,其他,朋友推荐,否,未到场,未到场,,未到场,300人规模测试；人物、机构、意向和跟进信息均为虚构模拟数据。
SIM300-0264,测试参与者264,产业嘉宾,虚构测试机构264,,消费科技,小红书,是,寻找合作伙伴,待跟进,测试负责人A,测试动作：整理合作需求并预约双方沟通,300人规模测试；人物、机构、意向和跟进信息均为虚构模拟数据。
SIM300-0242,测试参与者242,产业嘉宾,虚构测试机构242,,开发者工具,公众号,是,寻找合作伙伴,跟进中,测试负责人C,测试动作：整理合作需求并预约双方沟通,300人规模测试；人物、机构、意向和跟进信息均为虚构模拟数据。
SIM300-0006,测试参与者006,创业者,虚构测试项目006,MVP,其他,社群,是,寻找投资,待跟进,测试负责人A,测试动作：预约项目沟通并整理融资需求,300人规模测试；人物、机构、意向和跟进信息均为虚构模拟数据。
SIM300-0269,测试参与者269,产业嘉宾,虚构测试机构269,,Robotics,朋友推荐,是,寻找合作伙伴,待跟进,测试负责人C,测试动作：整理合作需求并预约双方沟通,300人规模测试；人物、机构、意向和跟进信息均为虚构模拟数据。
SIM300-0239,测试参与者239,科技从业者,虚构测试机构239,,AI 应用,合作机构,是,暂无明确需求,暂不跟进,,暂无,300人规模测试；人物、机构、意向和跟进信息均为虚构模拟数据。
SIM300-0051,测试参与者051,创业者,,MVP,企业服务 / SaaS,小红书,是,行业交流,暂不跟进,,暂无,300人规模测试；人物、机构、意向和跟进信息均为虚构模拟数据。
SIM300-0241,测试参与者241,产业嘉宾,虚构测试机构241,,Robotics,公众号,是,行业交流,暂不跟进,,暂无,300人规模测试；人物、机构、意向和跟进信息均为虚构模拟数据。
SIM300-0214,测试参与者214,科技从业者,虚构测试机构214,,开发者工具,社群,是,行业交流,暂不跟进,,暂无,300人规模测试；人物、机构、意向和跟进信息均为虚构模拟数据。
SIM300-0097,测试参与者097,创业者,虚构测试项目097,已上线,其他,社群,是,,,,,300人规模测试；人物、机构、意向和跟进信息均为虚构模拟数据。
SIM300-0257,测试参与者257,产业嘉宾,虚构测试机构257,,消费科技,朋友推荐,否,未到场,未到场,,未到场,300人规模测试；人物、机构、意向和跟进信息均为虚构模拟数据。
SIM300-0036,测试参与者036,创业者,虚构测试项目036,MVP,AI 应用,社群,否,未到场,未到场,,未到场,300人规模测试；人物、机构、意向和跟进信息均为虚构模拟数据。
SIM300-0138,测试参与者138,投资人,虚构测试机构138,,,合作机构,是,寻找合作伙伴,暂不跟进,,暂无,300人规模测试；人物、机构、意向和跟进信息均为虚构模拟数据。
SIM300-0016,测试参与者016,创业者,虚构测试项目016,MVP,企业服务 / SaaS,社群,是,招聘 / 人才,待跟进,测试负责人B,测试动作：确认岗位方向并安排人才交流,300人规模测试；人物、机构、意向和跟进信息均为虚构模拟数据。
SIM300-0104,测试参与者104,创业者,虚构测试项目104,融资中,其他,社群,是,寻找合作伙伴,待跟进,测试负责人D,测试动作：整理合作需求并预约双方沟通,300人规模测试；人物、机构、意向和跟进信息均为虚构模拟数据。
SIM300-0191,测试参与者191,科技从业者,虚构测试机构191,,企业服务 / SaaS,公众号,是,寻找合作伙伴,已初步建联,测试负责人A,测试动作：整理合作需求并预约双方沟通,300人规模测试；人物、机构、意向和跟进信息均为虚构模拟数据。
SIM300-0170,测试参与者170,投资人,,,企业服务 / SaaS,合作机构,否,未到场,未到场,,未到场,300人规模测试；人物、机构、意向和跟进信息均为虚构模拟数据。
SIM300-0061,测试参与者061,创业者,虚构测试项目061,MVP,消费科技,朋友推荐,是,寻找合作伙伴,待跟进,测试负责人A,测试动作：整理合作需求并预约双方沟通,300人规模测试；人物、机构、意向和跟进信息均为虚构模拟数据。
SIM300-0124,测试参与者124,投资人,虚构测试机构124,,消费科技,公众号,是,行业交流,暂不跟进,,暂无,300人规模测试；人物、机构、意向和跟进信息均为虚构模拟数据。
SIM300-0126,测试参与者126,投资人,虚构测试机构126,,AI Agent,小红书,否,未到场,未到场,,未到场,300人规模测试；人物、机构、意向和跟进信息均为虚构模拟数据。
SIM300-0110,测试参与者110,创业者,虚构测试项目110,想法阶段,消费科技,公众号,否,未到场,未到场,,未到场,300人规模测试；人物、机构、意向和跟进信息均为虚构模拟数据。
SIM300-0207,测试参与者207,科技从业者,虚构测试机构207,,,社群,是,寻找合作伙伴,已初步建联,测试负责人A,测试动作：整理合作需求并预约双方沟通,300人规模测试；人物、机构、意向和跟进信息均为虚构模拟数据。
SIM300-0141,测试参与者141,投资人,虚构测试机构141,,AI 应用,朋友推荐,是,行业交流,暂不跟进,,暂无,300人规模测试；人物、机构、意向和跟进信息均为虚构模拟数据。
SIM300-0102,测试参与者102,创业者,,已上线,开发者工具,朋友推荐,是,寻找投资,已完成对接,,暂无,300人规模测试；人物、机构、意向和跟进信息均为虚构模拟数据。
SIM300-0201,测试参与者201,科技从业者,虚构测试机构201,,消费科技,公众号,是,寻找合作伙伴,已初步建联,测试负责人A,测试动作：整理合作需求并预约双方沟通,300人规模测试；人物、机构、意向和跟进信息均为虚构模拟数据。
SIM300-0173,测试参与者173,投资人,虚构测试机构173,,消费科技,社群,是,寻找创业者,待跟进,测试负责人C,测试动作：安排创业者介绍并确认关注方向,300人规模测试；人物、机构、意向和跟进信息均为虚构模拟数据。
SIM300-0132,测试参与者132,投资人,虚构测试机构132,,其他,小红书,否,未到场,未到场,,未到场,300人规模测试；人物、机构、意向和跟进信息均为虚构模拟数据。
SIM300-0234,测试参与者234,科技从业者,虚构测试机构234,,Robotics,合作机构,是,寻找合作伙伴,已完成对接,,暂无,300人规模测试；人物、机构、意向和跟进信息均为虚构模拟数据。
SIM300-0198,测试参与者198,科技从业者,虚构测试机构198,,企业服务 / SaaS,小红书,是,寻找合作伙伴,已初步建联,测试负责人A,测试动作：整理合作需求并预约双方沟通,300人规模测试；人物、机构、意向和跟进信息均为虚构模拟数据。
SIM300-0054,测试参与者054,创业者,虚构测试项目054,融资中,消费科技,小红书,是,招聘 / 人才,待跟进,测试负责人A,测试动作：确认岗位方向并安排人才交流,300人规模测试；人物、机构、意向和跟进信息均为虚构模拟数据。
SIM300-0289,测试参与者289,其他,,,企业服务 / SaaS,社群,是,暂无明确需求,暂不跟进,,暂无,300人规模测试；人物、机构、意向和跟进信息均为虚构模拟数据。
SIM300-0205,测试参与者205,科技从业者,虚构测试机构205,,企业服务 / SaaS,社群,是,寻找合作伙伴,已初步建联,测试负责人A,测试动作：整理合作需求并预约双方沟通,300人规模测试；人物、机构、意向和跟进信息均为虚构模拟数据。
SIM300-0290,测试参与者290,其他,虚构测试机构290,,Robotics,公众号,否,未到场,未到场,,未到场,300人规模测试；人物、机构、意向和跟进信息均为虚构模拟数据。
SIM300-0148,测试参与者148,投资人,虚构测试机构148,,AI 应用,社群,是,寻找合作伙伴,待跟进,测试负责人B,测试动作：整理合作需求并预约双方沟通,"300人规模测试；人物、机构、意向和跟进信息均为虚构模拟数据。 测试备注含英文逗号,以及""引号""。"
SIM300-0174,测试参与者174,投资人,虚构测试机构174,,其他,社群,是,寻找创业者,跟进中,测试负责人C,测试动作：安排创业者介绍并确认关注方向,300人规模测试；人物、机构、意向和跟进信息均为虚构模拟数据。
SIM300-0223,测试参与者223,科技从业者,虚构测试机构223,,其他,朋友推荐,否,未到场,未到场,,未到场,300人规模测试；人物、机构、意向和跟进信息均为虚构模拟数据。
SIM300-0013,测试参与者013,创业者,虚构测试项目013,已有收入,其他,社群,是,寻找合作伙伴,跟进中,测试负责人A,测试动作：整理合作需求并预约双方沟通,300人规模测试；人物、机构、意向和跟进信息均为虚构模拟数据。
SIM300-0019,测试参与者019,创业者,虚构测试项目019,融资中,消费科技,社群,是,寻找投资,已初步建联,测试负责人B,测试动作：预约项目沟通并整理融资需求,300人规模测试；人物、机构、意向和跟进信息均为虚构模拟数据。
SIM300-0260,测试参与者260,产业嘉宾,虚构测试机构260,,AI 应用,公众号,否,未到场,未到场,,未到场,300人规模测试；人物、机构、意向和跟进信息均为虚构模拟数据。
SIM300-0040,测试参与者040,创业者,虚构测试项目040,想法阶段,消费科技,社群,是,,,,,300人规模测试；人物、机构、意向和跟进信息均为虚构模拟数据。
SIM300-0073,测试参与者073,创业者,虚构测试项目073,已有收入,Robotics,朋友推荐,否,未到场,未到场,,未到场,300人规模测试；人物、机构、意向和跟进信息均为虚构模拟数据。
SIM300-0156,测试参与者156,投资人,虚构测试机构156,,企业服务 / SaaS,社群,否,未到场,未到场,,未到场,300人规模测试；人物、机构、意向和跟进信息均为虚构模拟数据。
SIM300-0200,测试参与者200,科技从业者,虚构测试机构200,,开发者工具,小红书,是,寻找合作伙伴,待跟进,测试负责人C,测试动作：整理合作需求并预约双方沟通,300人规模测试；人物、机构、意向和跟进信息均为虚构模拟数据。
SIM300-0293,测试参与者293,其他,虚构测试机构293,,其他,社群,否,未到场,未到场,,未到场,300人规模测试；人物、机构、意向和跟进信息均为虚构模拟数据。
SIM300-0136,测试参与者136,投资人,,,Robotics,社群,是,寻找合作伙伴,跟进中,测试负责人D,测试动作：整理合作需求并预约双方沟通,300人规模测试；人物、机构、意向和跟进信息均为虚构模拟数据。
SIM300-0204,测试参与者204,科技从业者,,,AI 应用,社群,是,行业交流,暂不跟进,,暂无,300人规模测试；人物、机构、意向和跟进信息均为虚构模拟数据。
SIM300-0007,测试参与者007,创业者,虚构测试项目007,已上线,AI Agent,社群,是,招聘 / 人才,待跟进,测试负责人C,测试动作：确认岗位方向并安排人才交流,300人规模测试；人物、机构、意向和跟进信息均为虚构模拟数据。
SIM300-0149,测试参与者149,投资人,虚构测试机构149,,企业服务 / SaaS,朋友推荐,是,,,,,300人规模测试；人物、机构、意向和跟进信息均为虚构模拟数据。
SIM300-0249,测试参与者249,产业嘉宾,虚构测试机构249,,开发者工具,社群,否,未到场,未到场,,未到场,300人规模测试；人物、机构、意向和跟进信息均为虚构模拟数据。
SIM300-0225,测试参与者225,科技从业者,虚构测试机构225,,AI 应用,公众号,否,未到场,未到场,,未到场,300人规模测试；人物、机构、意向和跟进信息均为虚构模拟数据。
SIM300-0248,测试参与者248,产业嘉宾,虚构测试机构248,,Robotics,公众号,否,未到场,未到场,,未到场,300人规模测试；人物、机构、意向和跟进信息均为虚构模拟数据。
SIM300-0029,测试参与者029,创业者,虚构测试项目029,融资中,AI 应用,小红书,是,行业交流,暂不跟进,,暂无,300人规模测试；人物、机构、意向和跟进信息均为虚构模拟数据。
SIM300-0137,测试参与者137,投资人,虚构测试机构137,,开发者工具,社群,是,暂无明确需求,暂不跟进,,暂无,300人规模测试；人物、机构、意向和跟进信息均为虚构模拟数据。
SIM300-0084,测试参与者084,创业者,虚构测试项目084,融资中,AI Agent,朋友推荐,是,行业交流,暂不跟进,,暂无,300人规模测试；人物、机构、意向和跟进信息均为虚构模拟数据。
SIM300-0095,测试参与者095,创业者,虚构测试项目095,想法阶段,开发者工具,朋友推荐,是,寻找合作伙伴,待跟进,测试负责人A,测试动作：整理合作需求并预约双方沟通,300人规模测试；人物、机构、意向和跟进信息均为虚构模拟数据。
SIM300-0063,测试参与者063,创业者,虚构测试项目063,已有收入,AI Agent,小红书,是,寻找投资,跟进中,测试负责人A,测试动作：预约项目沟通并整理融资需求,300人规模测试；人物、机构、意向和跟进信息均为虚构模拟数据。
SIM300-0202,测试参与者202,科技从业者,虚构测试机构202,,其他,公众号,是,,,,,300人规模测试；人物、机构、意向和跟进信息均为虚构模拟数据。
SIM300-0116,测试参与者116,创业者,虚构测试项目116,MVP,开发者工具,社群,是,寻找投资,已完成对接,,暂无,300人规模测试；人物、机构、意向和跟进信息均为虚构模拟数据。
SIM300-0162,测试参与者162,投资人,虚构测试机构162,,AI 应用,朋友推荐,是,寻找合作伙伴,已初步建联,测试负责人D,测试动作：整理合作需求并预约双方沟通,300人规模测试；人物、机构、意向和跟进信息均为虚构模拟数据。
SIM300-0034,测试参与者034,创业者,,融资中,其他,社群,是,寻找合作伙伴,待跟进,测试负责人C,测试动作：整理合作需求并预约双方沟通,300人规模测试；人物、机构、意向和跟进信息均为虚构模拟数据。
SIM300-0133,测试参与者133,投资人,虚构测试机构133,,AI Agent,小红书,是,寻找创业者,待跟进,测试负责人A,测试动作：安排创业者介绍并确认关注方向,300人规模测试；人物、机构、意向和跟进信息均为虚构模拟数据。
SIM300-0128,测试参与者128,投资人,虚构测试机构128,,企业服务 / SaaS,公众号,否,未到场,未到场,,未到场,300人规模测试；人物、机构、意向和跟进信息均为虚构模拟数据。
SIM300-0284,测试参与者284,其他,虚构测试机构284,,开发者工具,公众号,否,未到场,未到场,,未到场,300人规模测试；人物、机构、意向和跟进信息均为虚构模拟数据。
SIM300-0077,测试参与者077,创业者,虚构测试项目077,已上线,AI Agent,朋友推荐,是,寻找投资,待跟进,测试负责人D,测试动作：预约项目沟通并整理融资需求,300人规模测试；人物、机构、意向和跟进信息均为虚构模拟数据。
SIM300-0184,测试参与者184,科技从业者,虚构测试机构184,,,社群,否,未到场,未到场,,未到场,300人规模测试；人物、机构、意向和跟进信息均为虚构模拟数据。
SIM300-0228,测试参与者228,科技从业者,虚构测试机构228,,开发者工具,合作机构,否,未到场,未到场,,未到场,300人规模测试；人物、机构、意向和跟进信息均为虚构模拟数据。
SIM300-0227,测试参与者227,科技从业者,虚构测试机构227,,Robotics,公众号,是,招聘 / 人才,待跟进,测试负责人B,测试动作：确认岗位方向并安排人才交流,300人规模测试；人物、机构、意向和跟进信息均为虚构模拟数据。
SIM300-0056,测试参与者056,创业者,虚构测试项目056,MVP,AI Agent,小红书,是,寻找合作伙伴,暂不跟进,,暂无,300人规模测试；人物、机构、意向和跟进信息均为虚构模拟数据。
SIM300-0037,测试参与者037,创业者,虚构测试项目037,已上线,企业服务 / SaaS,合作机构,是,寻找投资,待跟进,测试负责人B,测试动作：预约项目沟通并整理融资需求,"300人规模测试；人物、机构、意向和跟进信息均为虚构模拟数据。 测试备注含英文逗号,以及""引号""。"
SIM300-0180,测试参与者180,投资人,虚构测试机构180,,消费科技,小红书,是,行业交流,暂不跟进,,暂无,300人规模测试；人物、机构、意向和跟进信息均为虚构模拟数据。
SIM300-0212,测试参与者212,科技从业者,虚构测试机构212,,企业服务 / SaaS,公众号,是,招聘 / 人才,已完成对接,,暂无,300人规模测试；人物、机构、意向和跟进信息均为虚构模拟数据。
SIM300-0022,测试参与者022,创业者,虚构测试项目022,已上线,AI 应用,朋友推荐,否,未到场,未到场,,未到场,300人规模测试；人物、机构、意向和跟进信息均为虚构模拟数据。
SIM300-0159,测试参与者159,投资人,虚构测试机构159,,消费科技,公众号,是,寻找合作伙伴,已初步建联,测试负责人B,测试动作：整理合作需求并预约双方沟通,300人规模测试；人物、机构、意向和跟进信息均为虚构模拟数据。
SIM300-0145,测试参与者145,投资人,虚构测试机构145,,消费科技,社群,否,未到场,未到场,,未到场,300人规模测试；人物、机构、意向和跟进信息均为虚构模拟数据。
SIM300-0172,测试参与者172,投资人,虚构测试机构172,,开发者工具,公众号,否,未到场,未到场,,未到场,300人规模测试；人物、机构、意向和跟进信息均为虚构模拟数据。
SIM300-0206,测试参与者206,科技从业者,虚构测试机构206,,Robotics,社群,是,行业交流,暂不跟进,,暂无,300人规模测试；人物、机构、意向和跟进信息均为虚构模拟数据。
SIM300-0272,测试参与者272,其他,,,其他,社群,是,招聘 / 人才,跟进中,测试负责人D,测试动作：确认岗位方向并安排人才交流,300人规模测试；人物、机构、意向和跟进信息均为虚构模拟数据。
SIM300-0190,测试参与者190,科技从业者,虚构测试机构190,,AI 应用,朋友推荐,是,招聘 / 人才,跟进中,测试负责人B,测试动作：确认岗位方向并安排人才交流,300人规模测试；人物、机构、意向和跟进信息均为虚构模拟数据。
SIM300-0220,测试参与者220,科技从业者,虚构测试机构220,,Robotics,合作机构,否,未到场,未到场,,未到场,300人规模测试；人物、机构、意向和跟进信息均为虚构模拟数据。
SIM300-0192,测试参与者192,科技从业者,虚构测试机构192,,Robotics,公众号,是,寻找合作伙伴,待跟进,测试负责人C,测试动作：整理合作需求并预约双方沟通,300人规模测试；人物、机构、意向和跟进信息均为虚构模拟数据。
SIM300-0175,测试参与者175,投资人,虚构测试机构175,,AI Agent,朋友推荐,是,行业交流,暂不跟进,,暂无,300人规模测试；人物、机构、意向和跟进信息均为虚构模拟数据。
SIM300-0152,测试参与者152,投资人,虚构测试机构152,,消费科技,朋友推荐,否,未到场,未到场,,未到场,300人规模测试；人物、机构、意向和跟进信息均为虚构模拟数据。
SIM300-0127,测试参与者127,投资人,虚构测试机构127,,AI 应用,公众号,是,寻找创业者,跟进中,测试负责人C,测试动作：安排创业者介绍并确认关注方向,300人规模测试；人物、机构、意向和跟进信息均为虚构模拟数据。
SIM300-0196,测试参与者196,科技从业者,虚构测试机构196,,AI Agent,社群,是,招聘 / 人才,跟进中,测试负责人D,测试动作：确认岗位方向并安排人才交流,300人规模测试；人物、机构、意向和跟进信息均为虚构模拟数据。
SIM300-0163,测试参与者163,投资人,虚构测试机构163,,企业服务 / SaaS,公众号,是,寻找合作伙伴,跟进中,测试负责人D,测试动作：整理合作需求并预约双方沟通,300人规模测试；人物、机构、意向和跟进信息均为虚构模拟数据。
SIM300-0222,测试参与者222,科技从业者,虚构测试机构222,,消费科技,朋友推荐,是,寻找合作伙伴,已完成对接,,暂无,"300人规模测试；人物、机构、意向和跟进信息均为虚构模拟数据。 测试备注含英文逗号,以及""引号""。"
SIM300-0176,测试参与者176,投资人,虚构测试机构176,,AI 应用,合作机构,是,寻找创业者,已初步建联,测试负责人A,测试动作：安排创业者介绍并确认关注方向,300人规模测试；人物、机构、意向和跟进信息均为虚构模拟数据。
SIM300-0261,测试参与者261,产业嘉宾,虚构测试机构261,,企业服务 / SaaS,朋友推荐,是,行业交流,暂不跟进,,暂无,300人规模测试；人物、机构、意向和跟进信息均为虚构模拟数据。
SIM300-0161,测试参与者161,投资人,虚构测试机构161,,,公众号,是,寻找创业者,已完成对接,,暂无,300人规模测试；人物、机构、意向和跟进信息均为虚构模拟数据。
SIM300-0243,测试参与者243,产业嘉宾,虚构测试机构243,,消费科技,朋友推荐,是,寻找合作伙伴,跟进中,测试负责人C,测试动作：整理合作需求并预约双方沟通,300人规模测试；人物、机构、意向和跟进信息均为虚构模拟数据。
SIM300-0240,测试参与者240,科技从业者,虚构测试机构240,,企业服务 / SaaS,朋友推荐,是,招聘 / 人才,已初步建联,测试负责人D,测试动作：确认岗位方向并安排人才交流,300人规模测试；人物、机构、意向和跟进信息均为虚构模拟数据。
SIM300-0044,测试参与者044,创业者,虚构测试项目044,融资中,企业服务 / SaaS,合作机构,是,招聘 / 人才,待跟进,测试负责人D,测试动作：确认岗位方向并安排人才交流,300人规模测试；人物、机构、意向和跟进信息均为虚构模拟数据。
SIM300-0147,测试参与者147,投资人,虚构测试机构147,,AI Agent,社群,是,寻找创业者,已初步建联,测试负责人A,测试动作：安排创业者介绍并确认关注方向,300人规模测试；人物、机构、意向和跟进信息均为虚构模拟数据。
SIM300-0042,测试参与者042,创业者,虚构测试项目042,已上线,AI Agent,社群,是,暂无明确需求,暂不跟进,,暂无,300人规模测试；人物、机构、意向和跟进信息均为虚构模拟数据。
SIM300-0245,测试参与者245,产业嘉宾,虚构测试机构245,,AI Agent,小红书,是,寻找创业者,待跟进,测试负责人D,测试动作：安排创业者介绍并确认关注方向,300人规模测试；人物、机构、意向和跟进信息均为虚构模拟数据。
SIM300-0252,测试参与者252,产业嘉宾,虚构测试机构252,,AI Agent,社群,否,未到场,未到场,,未到场,300人规模测试；人物、机构、意向和跟进信息均为虚构模拟数据。
SIM300-0017,测试参与者017,创业者,,已上线,Robotics,公众号,是,寻找投资,待跟进,测试负责人B,测试动作：预约项目沟通并整理融资需求,300人规模测试；人物、机构、意向和跟进信息均为虚构模拟数据。
SIM300-0053,测试参与者053,创业者,虚构测试项目053,已有收入,开发者工具,公众号,是,招聘 / 人才,跟进中,测试负责人D,测试动作：确认岗位方向并安排人才交流,300人规模测试；人物、机构、意向和跟进信息均为虚构模拟数据。
SIM300-0267,测试参与者267,产业嘉宾,虚构测试机构267,,AI 应用,公众号,是,寻找创业者,已完成对接,,暂无,300人规模测试；人物、机构、意向和跟进信息均为虚构模拟数据。
SIM300-0082,测试参与者082,创业者,虚构测试项目082,已上线,消费科技,小红书,否,未到场,未到场,,未到场,300人规模测试；人物、机构、意向和跟进信息均为虚构模拟数据。
SIM300-0274,测试参与者274,其他,虚构测试机构274,,AI 应用,公众号,是,行业交流,暂不跟进,,暂无,300人规模测试；人物、机构、意向和跟进信息均为虚构模拟数据。
SIM300-0064,测试参与者064,创业者,虚构测试项目064,融资中,AI 应用,社群,否,未到场,未到场,,未到场,300人规模测试；人物、机构、意向和跟进信息均为虚构模拟数据。
SIM300-0179,测试参与者179,投资人,虚构测试机构179,,开发者工具,小红书,是,暂无明确需求,暂不跟进,,暂无,300人规模测试；人物、机构、意向和跟进信息均为虚构模拟数据。
SIM300-0001,测试参与者001,创业者,虚构测试项目001,MVP,AI 应用,社群,是,招聘 / 人才,待跟进,测试负责人C,测试动作：确认岗位方向并安排人才交流,300人规模测试；人物、机构、意向和跟进信息均为虚构模拟数据。
SIM300-0027,测试参与者027,创业者,虚构测试项目027,已上线,其他,社群,是,招聘 / 人才,待跟进,测试负责人C,测试动作：确认岗位方向并安排人才交流,300人规模测试；人物、机构、意向和跟进信息均为虚构模拟数据。
SIM300-0120,测试参与者120,创业者,虚构测试项目120,想法阶段,AI 应用,朋友推荐,是,,,,,300人规模测试；人物、机构、意向和跟进信息均为虚构模拟数据。
SIM300-0232,测试参与者232,科技从业者,虚构测试机构232,,AI 应用,小红书,是,招聘 / 人才,待跟进,测试负责人B,测试动作：确认岗位方向并安排人才交流,300人规模测试；人物、机构、意向和跟进信息均为虚构模拟数据。
SIM300-0130,测试参与者130,投资人,虚构测试机构130,,开发者工具,小红书,是,行业交流,暂不跟进,,暂无,300人规模测试；人物、机构、意向和跟进信息均为虚构模拟数据。
SIM300-0209,测试参与者209,科技从业者,虚构测试机构209,,其他,小红书,是,招聘 / 人才,已初步建联,测试负责人D,测试动作：确认岗位方向并安排人才交流,300人规模测试；人物、机构、意向和跟进信息均为虚构模拟数据。
SIM300-0086,测试参与者086,创业者,虚构测试项目086,MVP,企业服务 / SaaS,社群,否,未到场,未到场,,未到场,300人规模测试；人物、机构、意向和跟进信息均为虚构模拟数据。
SIM300-0143,测试参与者143,投资人,虚构测试机构143,,Robotics,合作机构,是,寻找合作伙伴,已初步建联,测试负责人D,测试动作：整理合作需求并预约双方沟通,300人规模测试；人物、机构、意向和跟进信息均为虚构模拟数据。
SIM300-0186,测试参与者186,科技从业者,虚构测试机构186,,开发者工具,合作机构,是,招聘 / 人才,跟进中,测试负责人D,测试动作：确认岗位方向并安排人才交流,300人规模测试；人物、机构、意向和跟进信息均为虚构模拟数据。
SIM300-0123,测试参与者123,投资人,虚构测试机构123,,开发者工具,社群,是,行业交流,暂不跟进,,暂无,300人规模测试；人物、机构、意向和跟进信息均为虚构模拟数据。
SIM300-0113,测试参与者113,创业者,虚构测试项目113,已有收入,AI 应用,社群,是,寻找合作伙伴,已初步建联,测试负责人A,测试动作：整理合作需求并预约双方沟通,300人规模测试；人物、机构、意向和跟进信息均为虚构模拟数据。
SIM300-0256,测试参与者256,产业嘉宾,虚构测试机构256,,开发者工具,公众号,否,未到场,未到场,,未到场,300人规模测试；人物、机构、意向和跟进信息均为虚构模拟数据。
SIM300-0043,测试参与者043,创业者,虚构测试项目043,已有收入,AI 应用,社群,是,寻找投资,待跟进,测试负责人A,测试动作：预约项目沟通并整理融资需求,300人规模测试；人物、机构、意向和跟进信息均为虚构模拟数据。
SIM300-0298,测试参与者298,其他,虚构测试机构298,,开发者工具,朋友推荐,是,暂无明确需求,暂不跟进,,暂无,300人规模测试；人物、机构、意向和跟进信息均为虚构模拟数据。
SIM300-0188,测试参与者188,科技从业者,虚构测试机构188,,其他,合作机构,否,未到场,未到场,,未到场,300人规模测试；人物、机构、意向和跟进信息均为虚构模拟数据。
SIM300-0237,测试参与者237,科技从业者,虚构测试机构237,,其他,小红书,是,寻找合作伙伴,待跟进,测试负责人A,测试动作：整理合作需求并预约双方沟通,300人规模测试；人物、机构、意向和跟进信息均为虚构模拟数据。
SIM300-0299,测试参与者299,其他,虚构测试机构299,,,合作机构,是,寻找合作伙伴,已初步建联,测试负责人C,测试动作：整理合作需求并预约双方沟通,300人规模测试；人物、机构、意向和跟进信息均为虚构模拟数据。
SIM300-0119,测试参与者119,创业者,,融资中,AI Agent,朋友推荐,是,寻找投资,已初步建联,测试负责人D,测试动作：预约项目沟通并整理融资需求,300人规模测试；人物、机构、意向和跟进信息均为虚构模拟数据。
SIM300-0189,测试参与者189,科技从业者,虚构测试机构189,,AI Agent,小红书,否,未到场,未到场,,未到场,300人规模测试；人物、机构、意向和跟进信息均为虚构模拟数据。
SIM300-0224,测试参与者224,科技从业者,虚构测试机构224,,AI Agent,小红书,否,未到场,未到场,,未到场,300人规模测试；人物、机构、意向和跟进信息均为虚构模拟数据。
SIM300-0099,测试参与者099,创业者,虚构测试项目099,融资中,AI 应用,合作机构,是,寻找合作伙伴,待跟进,测试负责人C,测试动作：整理合作需求并预约双方沟通,300人规模测试；人物、机构、意向和跟进信息均为虚构模拟数据。
SIM300-0009,测试参与者009,创业者,虚构测试项目009,融资中,企业服务 / SaaS,社群,是,寻找投资,已初步建联,测试负责人D,测试动作：预约项目沟通并整理融资需求,300人规模测试；人物、机构、意向和跟进信息均为虚构模拟数据。
SIM300-0182,测试参与者182,科技从业者,虚构测试机构182,,AI Agent,小红书,是,招聘 / 人才,跟进中,测试负责人B,测试动作：确认岗位方向并安排人才交流,300人规模测试；人物、机构、意向和跟进信息均为虚构模拟数据。
SIM300-0135,测试参与者135,投资人,虚构测试机构135,,企业服务 / SaaS,小红书,是,寻找创业者,已初步建联,测试负责人C,测试动作：安排创业者介绍并确认关注方向,300人规模测试；人物、机构、意向和跟进信息均为虚构模拟数据。
SIM300-0144,测试参与者144,投资人,虚构测试机构144,,开发者工具,朋友推荐,否,未到场,未到场,,未到场,300人规模测试；人物、机构、意向和跟进信息均为虚构模拟数据。
SIM300-0021,测试参与者021,创业者,虚构测试项目021,MVP,AI Agent,合作机构,是,,,,,300人规模测试；人物、机构、意向和跟进信息均为虚构模拟数据。
SIM300-0125,测试参与者125,投资人,虚构测试机构125,,其他,小红书,是,寻找创业者,暂不跟进,,暂无,300人规模测试；人物、机构、意向和跟进信息均为虚构模拟数据。
SIM300-0103,测试参与者103,创业者,虚构测试项目103,已有收入,消费科技,朋友推荐,否,未到场,未到场,,未到场,300人规模测试；人物、机构、意向和跟进信息均为虚构模拟数据。
SIM300-0032,测试参与者032,创业者,虚构测试项目032,已上线,开发者工具,小红书,是,招聘 / 人才,待跟进,测试负责人A,测试动作：确认岗位方向并安排人才交流,300人规模测试；人物、机构、意向和跟进信息均为虚构模拟数据。
SIM300-0015,测试参与者015,创业者,虚构测试项目015,想法阶段,AI 应用,小红书,是,行业交流,暂不跟进,,暂无,300人规模测试；人物、机构、意向和跟进信息均为虚构模拟数据。
SIM300-0203,测试参与者203,科技从业者,虚构测试机构203,,AI Agent,公众号,是,招聘 / 人才,已初步建联,测试负责人B,测试动作：确认岗位方向并安排人才交流,300人规模测试；人物、机构、意向和跟进信息均为虚构模拟数据。
SIM300-0059,测试参与者059,创业者,虚构测试项目059,融资中,Robotics,朋友推荐,是,招聘 / 人才,待跟进,测试负责人C,测试动作：确认岗位方向并安排人才交流,300人规模测试；人物、机构、意向和跟进信息均为虚构模拟数据。
SIM300-0094,测试参与者094,创业者,虚构测试项目094,融资中,Robotics,朋友推荐,否,未到场,未到场,,未到场,300人规模测试；人物、机构、意向和跟进信息均为虚构模拟数据。
SIM300-0258,测试参与者258,产业嘉宾,虚构测试机构258,,其他,社群,否,未到场,未到场,,未到场,300人规模测试；人物、机构、意向和跟进信息均为虚构模拟数据。
SIM300-0164,测试参与者164,投资人,虚构测试机构164,,Robotics,公众号,否,未到场,未到场,,未到场,300人规模测试；人物、机构、意向和跟进信息均为虚构模拟数据。
SIM300-0055,测试参与者055,创业者,虚构测试项目055,想法阶段,其他,合作机构,是,寻找投资,已初步建联,测试负责人B,测试动作：预约项目沟通并整理融资需求,300人规模测试；人物、机构、意向和跟进信息均为虚构模拟数据。
SIM300-0112,测试参与者112,创业者,虚构测试项目112,已上线,AI Agent,小红书,是,寻找投资,跟进中,测试负责人B,测试动作：预约项目沟通并整理融资需求,300人规模测试；人物、机构、意向和跟进信息均为虚构模拟数据。
SIM300-0155,测试参与者155,投资人,虚构测试机构155,,AI 应用,合作机构,否,未到场,未到场,,未到场,300人规模测试；人物、机构、意向和跟进信息均为虚构模拟数据。
SIM300-0165,测试参与者165,投资人,虚构测试机构165,,开发者工具,小红书,是,寻找创业者,暂不跟进,,暂无,300人规模测试；人物、机构、意向和跟进信息均为虚构模拟数据。
SIM300-0031,测试参与者031,创业者,虚构测试项目031,MVP,Robotics,公众号,是,暂无明确需求,暂不跟进,,暂无,300人规模测试；人物、机构、意向和跟进信息均为虚构模拟数据。
SIM300-0106,测试参与者106,创业者,虚构测试项目106,MVP,AI 应用,小红书,否,未到场,未到场,,未到场,300人规模测试；人物、机构、意向和跟进信息均为虚构模拟数据。
SIM300-0035,测试参与者035,创业者,虚构测试项目035,想法阶段,AI Agent,朋友推荐,是,寻找合作伙伴,待跟进,测试负责人D,测试动作：整理合作需求并预约双方沟通,300人规模测试；人物、机构、意向和跟进信息均为虚构模拟数据。
SIM300-0158,测试参与者158,投资人,虚构测试机构158,,开发者工具,社群,否,未到场,未到场,,未到场,300人规模测试；人物、机构、意向和跟进信息均为虚构模拟数据。
SIM300-0151,测试参与者151,投资人,虚构测试机构151,,开发者工具,合作机构,是,暂无明确需求,暂不跟进,,暂无,300人规模测试；人物、机构、意向和跟进信息均为虚构模拟数据。
SIM300-0078,测试参与者078,创业者,虚构测试项目078,已有收入,AI 应用,社群,是,招聘 / 人才,已初步建联,测试负责人A,测试动作：确认岗位方向并安排人才交流,300人规模测试；人物、机构、意向和跟进信息均为虚构模拟数据。
SIM300-0265,测试参与者265,产业嘉宾,虚构测试机构265,,其他,合作机构,否,未到场,未到场,,未到场,300人规模测试；人物、机构、意向和跟进信息均为虚构模拟数据。
SIM300-0226,测试参与者226,科技从业者,虚构测试机构226,,企业服务 / SaaS,社群,是,招聘 / 人才,跟进中,测试负责人B,测试动作：确认岗位方向并安排人才交流,300人规模测试；人物、机构、意向和跟进信息均为虚构模拟数据。
SIM300-0231,测试参与者231,科技从业者,虚构测试机构231,,AI Agent,小红书,否,未到场,未到场,,未到场,300人规模测试；人物、机构、意向和跟进信息均为虚构模拟数据。
SIM300-0039,测试参与者039,创业者,虚构测试项目039,融资中,开发者工具,合作机构,是,寻找投资,待跟进,测试负责人C,测试动作：预约项目沟通并整理融资需求,300人规模测试；人物、机构、意向和跟进信息均为虚构模拟数据。
SIM300-0246,测试参与者246,产业嘉宾,虚构测试机构246,,AI 应用,社群,否,未到场,未到场,,未到场,300人规模测试；人物、机构、意向和跟进信息均为虚构模拟数据。
SIM300-0121,测试参与者121,投资人,虚构测试机构121,,企业服务 / SaaS,朋友推荐,是,寻找合作伙伴,跟进中,测试负责人B,测试动作：整理合作需求并预约双方沟通,300人规模测试；人物、机构、意向和跟进信息均为虚构模拟数据。
SIM300-0259,测试参与者259,产业嘉宾,虚构测试机构259,,AI Agent,合作机构,是,寻找合作伙伴,待跟进,测试负责人A,测试动作：整理合作需求并预约双方沟通,"300人规模测试；人物、机构、意向和跟进信息均为虚构模拟数据。 测试备注含英文逗号,以及""引号""。"
SIM300-0266,测试参与者266,产业嘉宾,虚构测试机构266,,AI Agent,社群,是,寻找创业者,待跟进,测试负责人D,测试动作：安排创业者介绍并确认关注方向,300人规模测试；人物、机构、意向和跟进信息均为虚构模拟数据。
SIM300-0101,测试参与者101,创业者,虚构测试项目101,MVP,Robotics,合作机构,是,寻找合作伙伴,暂不跟进,,暂无,300人规模测试；人物、机构、意向和跟进信息均为虚构模拟数据。
SIM300-0069,测试参与者069,创业者,虚构测试项目069,融资中,,社群,是,寻找合作伙伴,待跟进,测试负责人B,测试动作：整理合作需求并预约双方沟通,300人规模测试；人物、机构、意向和跟进信息均为虚构模拟数据。
SIM300-0075,测试参与者075,创业者,虚构测试项目075,想法阶段,消费科技,朋友推荐,是,招聘 / 人才,已初步建联,测试负责人C,测试动作：确认岗位方向并安排人才交流,300人规模测试；人物、机构、意向和跟进信息均为虚构模拟数据。
SIM300-0255,测试参与者255,产业嘉宾,,,Robotics,朋友推荐,是,行业交流,暂不跟进,,暂无,300人规模测试；人物、机构、意向和跟进信息均为虚构模拟数据。
SIM300-0286,测试参与者286,其他,虚构测试机构286,,其他,合作机构,否,未到场,未到场,,未到场,300人规模测试；人物、机构、意向和跟进信息均为虚构模拟数据。
SIM300-0088,测试参与者088,创业者,虚构测试项目088,已有收入,开发者工具,朋友推荐,是,,,,,300人规模测试；人物、机构、意向和跟进信息均为虚构模拟数据。
SIM300-0262,测试参与者262,产业嘉宾,虚构测试机构262,,Robotics,合作机构,是,寻找创业者,已完成对接,,暂无,300人规模测试；人物、机构、意向和跟进信息均为虚构模拟数据。
SIM300-0049,测试参与者049,创业者,虚构测试项目049,融资中,AI Agent,朋友推荐,是,行业交流,暂不跟进,,暂无,300人规模测试；人物、机构、意向和跟进信息均为虚构模拟数据。
SIM300-0117,测试参与者117,创业者,虚构测试项目117,已上线,消费科技,合作机构,否,未到场,未到场,,未到场,300人规模测试；人物、机构、意向和跟进信息均为虚构模拟数据。
SIM300-0050,测试参与者050,创业者,虚构测试项目050,想法阶段,AI 应用,社群,是,暂无明确需求,暂不跟进,,暂无,300人规模测试；人物、机构、意向和跟进信息均为虚构模拟数据。
SIM300-0235,测试参与者235,科技从业者,虚构测试机构235,,开发者工具,社群,否,未到场,未到场,,未到场,300人规模测试；人物、机构、意向和跟进信息均为虚构模拟数据。
SIM300-0091,测试参与者091,创业者,虚构测试项目091,MVP,AI Agent,社群,是,招聘 / 人才,已完成对接,,暂无,300人规模测试；人物、机构、意向和跟进信息均为虚构模拟数据。
SIM300-0197,测试参与者197,科技从业者,虚构测试机构197,,AI 应用,合作机构,是,招聘 / 人才,已初步建联,测试负责人D,测试动作：确认岗位方向并安排人才交流,300人规模测试；人物、机构、意向和跟进信息均为虚构模拟数据。
SIM300-0216,测试参与者216,科技从业者,虚构测试机构216,,其他,朋友推荐,否,未到场,未到场,,未到场,300人规模测试；人物、机构、意向和跟进信息均为虚构模拟数据。
SIM300-0087,测试参与者087,创业者,虚构测试项目087,已上线,Robotics,合作机构,否,未到场,未到场,,未到场,300人规模测试；人物、机构、意向和跟进信息均为虚构模拟数据。
SIM300-0250,测试参与者250,产业嘉宾,虚构测试机构250,,消费科技,合作机构,否,未到场,未到场,,未到场,300人规模测试；人物、机构、意向和跟进信息均为虚构模拟数据。
SIM300-0185,测试参与者185,科技从业者,虚构测试机构185,,Robotics,合作机构,是,行业交流,暂不跟进,,暂无,"300人规模测试；人物、机构、意向和跟进信息均为虚构模拟数据。 测试备注含英文逗号,以及""引号""。"
SIM300-0276,测试参与者276,其他,虚构测试机构276,,,社群,否,未到场,未到场,,未到场,300人规模测试；人物、机构、意向和跟进信息均为虚构模拟数据。
SIM300-0047,测试参与者047,创业者,虚构测试项目047,已上线,消费科技,合作机构,是,寻找投资,暂不跟进,,暂无,300人规模测试；人物、机构、意向和跟进信息均为虚构模拟数据。
SIM300-0157,测试参与者157,投资人,虚构测试机构157,,Robotics,小红书,否,未到场,未到场,,未到场,300人规模测试；人物、机构、意向和跟进信息均为虚构模拟数据。
SIM300-0111,测试参与者111,创业者,虚构测试项目111,MVP,其他,公众号,是,招聘 / 人才,待跟进,测试负责人A,测试动作：确认岗位方向并安排人才交流,"300人规模测试；人物、机构、意向和跟进信息均为虚构模拟数据。 测试备注含英文逗号,以及""引号""。"
SIM300-0014,测试参与者014,创业者,虚构测试项目014,融资中,AI Agent,合作机构,是,寻找投资,已初步建联,测试负责人A,测试动作：预约项目沟通并整理融资需求,300人规模测试；人物、机构、意向和跟进信息均为虚构模拟数据。
SIM300-0079,测试参与者079,创业者,虚构测试项目079,融资中,企业服务 / SaaS,合作机构,否,未到场,未到场,,未到场,300人规模测试；人物、机构、意向和跟进信息均为虚构模拟数据。
SIM300-0109,测试参与者109,创业者,虚构测试项目109,融资中,开发者工具,合作机构,是,暂无明确需求,暂不跟进,,暂无,300人规模测试；人物、机构、意向和跟进信息均为虚构模拟数据。
SIM300-0093,测试参与者093,创业者,虚构测试项目093,已有收入,企业服务 / SaaS,公众号,是,寻找投资,已初步建联,测试负责人C,测试动作：预约项目沟通并整理融资需求,300人规模测试；人物、机构、意向和跟进信息均为虚构模拟数据。
SIM300-0218,测试参与者218,科技从业者,虚构测试机构218,,AI 应用,朋友推荐,是,暂无明确需求,暂不跟进,,暂无,300人规模测试；人物、机构、意向和跟进信息均为虚构模拟数据。
SIM300-0292,测试参与者292,其他,虚构测试机构292,,消费科技,社群,否,未到场,未到场,,未到场,300人规模测试；人物、机构、意向和跟进信息均为虚构模拟数据。
SIM300-0291,测试参与者291,其他,虚构测试机构291,,开发者工具,合作机构,是,招聘 / 人才,跟进中,测试负责人B,测试动作：确认岗位方向并安排人才交流,300人规模测试；人物、机构、意向和跟进信息均为虚构模拟数据。
SIM300-0263,测试参与者263,产业嘉宾,虚构测试机构263,,开发者工具,公众号,是,暂无明确需求,暂不跟进,,暂无,300人规模测试；人物、机构、意向和跟进信息均为虚构模拟数据。
SIM300-0060,测试参与者060,创业者,虚构测试项目060,想法阶段,开发者工具,社群,是,寻找投资,已完成对接,,暂无,300人规模测试；人物、机构、意向和跟进信息均为虚构模拟数据。
SIM300-0280,测试参与者280,其他,虚构测试机构280,,AI Agent,公众号,是,行业交流,暂不跟进,,暂无,300人规模测试；人物、机构、意向和跟进信息均为虚构模拟数据。
SIM300-0058,测试参与者058,创业者,虚构测试项目058,已有收入,企业服务 / SaaS,合作机构,否,未到场,未到场,,未到场,300人规模测试；人物、机构、意向和跟进信息均为虚构模拟数据。
SIM300-0153,测试参与者153,投资人,,,其他,朋友推荐,是,行业交流,暂不跟进,,暂无,300人规模测试；人物、机构、意向和跟进信息均为虚构模拟数据。
SIM300-0253,测试参与者253,产业嘉宾,虚构测试机构253,,,公众号,是,行业交流,暂不跟进,,暂无,300人规模测试；人物、机构、意向和跟进信息均为虚构模拟数据。
SIM300-0023,测试参与者023,创业者,虚构测试项目023,已有收入,,社群,是,,,,,300人规模测试；人物、机构、意向和跟进信息均为虚构模拟数据。
SIM300-0122,测试参与者122,投资人,虚构测试机构122,,Robotics,朋友推荐,是,寻找合作伙伴,已初步建联,测试负责人B,测试动作：整理合作需求并预约双方沟通,300人规模测试；人物、机构、意向和跟进信息均为虚构模拟数据。
SIM300-0057,测试参与者057,创业者,虚构测试项目057,已上线,AI 应用,小红书,是,寻找投资,待跟进,测试负责人B,测试动作：预约项目沟通并整理融资需求,300人规模测试；人物、机构、意向和跟进信息均为虚构模拟数据。
SIM300-0072,测试参与者072,创业者,虚构测试项目072,已上线,企业服务 / SaaS,公众号,是,暂无明确需求,暂不跟进,,暂无,300人规模测试；人物、机构、意向和跟进信息均为虚构模拟数据。
SIM300-0071,测试参与者071,创业者,虚构测试项目071,MVP,AI 应用,公众号,否,未到场,未到场,,未到场,300人规模测试；人物、机构、意向和跟进信息均为虚构模拟数据。
SIM300-0098,测试参与者098,创业者,虚构测试项目098,已有收入,AI Agent,社群,否,未到场,未到场,,未到场,300人规模测试；人物、机构、意向和跟进信息均为虚构模拟数据。
SIM300-0171,测试参与者171,投资人,虚构测试机构171,,Robotics,朋友推荐,否,未到场,未到场,,未到场,300人规模测试；人物、机构、意向和跟进信息均为虚构模拟数据。
SIM300-0285,测试参与者285,其他,虚构测试机构285,,消费科技,社群,是,招聘 / 人才,已初步建联,测试负责人D,测试动作：确认岗位方向并安排人才交流,300人规模测试；人物、机构、意向和跟进信息均为虚构模拟数据。
SIM300-0167,测试参与者167,投资人,虚构测试机构167,,其他,合作机构,是,寻找创业者,待跟进,测试负责人A,测试动作：安排创业者介绍并确认关注方向,300人规模测试；人物、机构、意向和跟进信息均为虚构模拟数据。
SIM300-0294,测试参与者294,其他,虚构测试机构294,,AI Agent,社群,是,行业交流,暂不跟进,,暂无,300人规模测试；人物、机构、意向和跟进信息均为虚构模拟数据。
SIM300-0033,测试参与者033,创业者,虚构测试项目033,已有收入,消费科技,合作机构,是,寻找合作伙伴,待跟进,测试负责人B,测试动作：整理合作需求并预约双方沟通,300人规模测试；人物、机构、意向和跟进信息均为虚构模拟数据。
SIM300-0025,测试参与者025,创业者,虚构测试项目025,想法阶段,开发者工具,社群,是,寻找投资,已初步建联,测试负责人A,测试动作：预约项目沟通并整理融资需求,300人规模测试；人物、机构、意向和跟进信息均为虚构模拟数据。
SIM300-0279,测试参与者279,其他,虚构测试机构279,,其他,朋友推荐,否,未到场,未到场,,未到场,300人规模测试；人物、机构、意向和跟进信息均为虚构模拟数据。
SIM300-0230,测试参与者230,科技从业者,虚构测试机构230,,,公众号,否,未到场,未到场,,未到场,300人规模测试；人物、机构、意向和跟进信息均为虚构模拟数据。
SIM300-0045,测试参与者045,创业者,虚构测试项目045,想法阶段,Robotics,合作机构,是,寻找投资,暂不跟进,,暂无,300人规模测试；人物、机构、意向和跟进信息均为虚构模拟数据。
SIM300-0041,测试参与者041,创业者,虚构测试项目041,MVP,其他,朋友推荐,是,寻找投资,待跟进,测试负责人A,测试动作：预约项目沟通并整理融资需求,300人规模测试；人物、机构、意向和跟进信息均为虚构模拟数据。
SIM300-0011,测试参与者011,创业者,虚构测试项目011,MVP,开发者工具,社群,是,招聘 / 人才,暂不跟进,,暂无,300人规模测试；人物、机构、意向和跟进信息均为虚构模拟数据。
SIM300-0100,测试参与者100,创业者,虚构测试项目100,想法阶段,企业服务 / SaaS,小红书,是,寻找合作伙伴,已完成对接,,暂无,300人规模测试；人物、机构、意向和跟进信息均为虚构模拟数据。
SIM300-0219,测试参与者219,科技从业者,虚构测试机构219,,企业服务 / SaaS,公众号,是,寻找合作伙伴,待跟进,测试负责人A,测试动作：整理合作需求并预约双方沟通,300人规模测试；人物、机构、意向和跟进信息均为虚构模拟数据。
SIM300-0076,测试参与者076,创业者,虚构测试项目076,MVP,其他,公众号,否,未到场,未到场,,未到场,300人规模测试；人物、机构、意向和跟进信息均为虚构模拟数据。
SIM300-0199,测试参与者199,科技从业者,虚构测试机构199,,Robotics,公众号,是,招聘 / 人才,跟进中,测试负责人B,测试动作：确认岗位方向并安排人才交流,300人规模测试；人物、机构、意向和跟进信息均为虚构模拟数据。
SIM300-0283,测试参与者283,其他,虚构测试机构283,,Robotics,合作机构,是,行业交流,暂不跟进,,暂无,300人规模测试；人物、机构、意向和跟进信息均为虚构模拟数据。
SIM300-0287,测试参与者287,其他,虚构测试机构287,,AI Agent,社群,否,未到场,未到场,,未到场,300人规模测试；人物、机构、意向和跟进信息均为虚构模拟数据。
SIM300-0178,测试参与者178,投资人,虚构测试机构178,,Robotics,小红书,是,,,,,300人规模测试；人物、机构、意向和跟进信息均为虚构模拟数据。
SIM300-0003,测试参与者003,创业者,虚构测试项目003,已有收入,Robotics,小红书,否,未到场,未到场,,未到场,300人规模测试；人物、机构、意向和跟进信息均为虚构模拟数据。
