"attendee_id","name","role","organization","startup_stage","field","registration_channel","attended","connection_intent","followup_status","followup_owner","next_action","notes"
"A001","嵇序禾","创业者","虚构·弥杉序禾实验项目006","MVP","AI 应用","朋友推荐","否","未到场","未到场","","未到场","Synthetic Demo Data；无现场交流记录"
"A002","佟序禾","创业者","","MVP","AI Agent","社群","是","行业交流","暂不跟进","","暂无","Synthetic Demo Data；仅交流方向，未约定后续动作"
"A003","郁序禾","创业者","","已上线","消费科技","社群","是","行业交流","暂不跟进","","暂无","Synthetic Demo Data；仅交流方向，未约定后续动作"
"A004","费知蘅","科技从业者","虚构·栖禾知蘅技术工作室092","不适用","AI Agent","合作机构","否","未到场","未到场","","未到场","Synthetic Demo Data；无现场交流记录"
"A005","屠沐弦","科技从业者","虚构·棠砾沐弦技术工作室075","不适用","AI 应用","合作机构","是","行业交流","暂不跟进","","暂无",""
"A006","宓序禾","创业者","虚构·栎澄序禾实验项目018","想法阶段","AI 应用","社群","否","未到场","未到场","","未到场","Synthetic Demo Data；无现场交流记录"
"A007","蔺序禾","创业者","虚构·序苔序禾实验项目004","已有收入","开发者工具","朋友推荐","是","暂无明确需求","暂不跟进","","暂无",""
"A008","费序禾","创业者","虚构·栖禾序禾实验项目012","融资中","AI 应用","社群","是","暂无明确需求","暂不跟进","","暂无","Synthetic Demo Data；本次以旁听了解为主"
"A009","阮砚岚","创业者","虚构·汀穗砚岚实验项目027","想法阶段","企业服务 / SaaS","社群","是","寻找合作伙伴","待跟进","小林","添加微信并确认合作场景","Synthetic Demo Data；已描述具体试点合作场景"
"A010","储予桐","投资人","虚构·栎澄予桐创投研究室048","不适用","企业服务 / SaaS","朋友推荐","是","寻找创业者","待跟进","景川","确认投资方向并介绍相关创业者","Synthetic Demo Data；希望了解匹配方向的创业项目"
"A011","芮砚岚","创业者","虚构·沐弦砚岚实验项目023","融资中","企业服务 / SaaS","社群","是","招聘 / 人才","已初步建联","Mia","补充岗位说明与招聘条件","Synthetic Demo Data；希望对接技术人才"
"A012","屠序禾","创业者","虚构·棠砾序禾实验项目015","想法阶段","AI 应用","社群","是","行业交流","暂不跟进","","暂无","Synthetic Demo Data；仅交流方向，未约定后续动作"
"A013","佟砚岚","创业者","虚构·芦序砚岚实验项目030","已有收入","消费科技","朋友推荐","是","寻找投资","待跟进","景川","添加微信并了解融资阶段","Synthetic Demo Data；希望对接早期投资机构"
"A014","费砚岚","创业者","虚构·栖禾砚岚实验项目032","MVP","AI Agent","小红书","否","未到场","未到场","","未到场","Synthetic Demo Data；无现场交流记录"
"A015","邵沐弦","产业嘉宾","虚构·棠砾沐弦产业协作社065","不适用","AI Agent","社群","是","行业交流","暂不跟进","","暂无","Synthetic Demo Data；仅交流方向，未约定后续动作"
"A016","郁砚岚","创业者","虚构·栖禾砚岚实验项目022","已上线","AI 应用","社群","否","未到场","未到场","","未到场","Synthetic Demo Data；无现场交流记录"
"A017","滕予桐","投资人","虚构·沐弦予桐创投研究室053","不适用","AI 应用","公众号","是","行业交流","暂不跟进","","暂无","Synthetic Demo Data；仅交流方向，未约定后续动作"
"A018","嵇砚岚","创业者","虚构·弥杉砚岚实验项目026","融资中","Robotics","朋友推荐","是","寻找投资","待跟进","景川","添加微信并了解融资阶段","Synthetic Demo Data；希望对接早期投资机构"
"A019","简予桐","产业嘉宾","虚构·芦序予桐产业协作社060","不适用","AI 应用","合作机构","是","寻找合作伙伴","已完成对接","","暂无","Synthetic Demo Data；双方已确认介绍完成，暂无线索任务"
"A020","储砚岚","创业者","虚构·栎澄砚岚实验项目028","融资中","AI Agent","朋友推荐","是","寻找投资","待跟进","景川","添加微信并了解融资阶段","Synthetic Demo Data；希望对接早期投资机构"
"A021","岑知蘅","科技从业者","虚构·砚岚知蘅技术工作室081","不适用","AI Agent","公众号","是","行业交流","暂不跟进","","暂无","Synthetic Demo Data；仅交流方向，未约定后续动作"
"A022","佟知蘅","科技从业者","虚构·芦序知蘅技术工作室090","不适用","AI 应用","社群","是","行业交流","暂不跟进","","暂无","Synthetic Demo Data；仅交流方向，未约定后续动作"
"A023","储序禾","创业者","虚构·栎澄序禾实验项目008","已上线","企业服务 / SaaS","社群","是","行业交流","暂不跟进","","暂无","Synthetic Demo Data；仅交流方向，未约定后续动作"
"A024","邬予桐","投资人","虚构·弥杉予桐创投研究室056","不适用","企业服务 / SaaS","公众号","否","未到场","未到场","","未到场","Synthetic Demo Data；无现场交流记录"
"A025","瞿序禾","创业者","虚构·砚岚序禾实验项目011","已上线","AI 应用","公众号","是","行业交流","暂不跟进","","暂无","Synthetic Demo Data；仅交流方向，未约定后续动作"
"A026","嵇予桐","创业者","虚构·弥杉予桐实验项目046","已有收入","开发者工具","社群","否","未到场","未到场","","未到场","Synthetic Demo Data；无现场交流记录"
"A027","费沐弦","科技从业者","虚构·栖禾沐弦技术工作室072","不适用","消费科技","合作机构","是","暂无明确需求","暂不跟进","","暂无","Synthetic Demo Data；本次以旁听了解为主"
"A028","宓予桐","产业嘉宾","虚构·栎澄予桐产业协作社058","不适用","消费科技","社群","是","行业交流","暂不跟进","","暂无","Synthetic Demo Data；仅交流方向，未约定后续动作"
"A029","邬砚岚","创业者","虚构·弥杉砚岚实验项目036","已有收入","AI Agent","朋友推荐","是","寻找投资","待跟进","景川","添加微信并了解融资阶段","Synthetic Demo Data；希望对接早期投资机构"
"A030","邬沐弦","科技从业者","虚构·弥杉沐弦技术工作室076","不适用","企业服务 / SaaS","朋友推荐","是","寻找合作伙伴","跟进中","小林","约试点方案线上沟通","Synthetic Demo Data；已描述具体试点合作场景"
"A031","瞿沐弦","科技从业者","虚构·砚岚沐弦技术工作室071","不适用","AI Agent","社群","否","未到场","未到场","","未到场","Synthetic Demo Data；无现场交流记录"
"A032","费予桐","投资人","虚构·栖禾予桐创投研究室052","不适用","AI Agent","合作机构","是","寻找创业者","待跟进","景川","确认投资方向并介绍相关创业者","Synthetic Demo Data；希望了解匹配方向的创业项目"
"A033","芮予桐","创业者","虚构·沐弦予桐实验项目043","已上线","AI Agent","社群","是","招聘 / 人才","已初步建联","Mia","补充岗位说明与招聘条件","Synthetic Demo Data；希望对接技术人才"
"A034","芮沐弦","产业嘉宾","虚构·沐弦沐弦产业协作社063","不适用","AI Agent","公众号","是","暂无明确需求","暂不跟进","","暂无","Synthetic Demo Data；本次以旁听了解为主"
"A035","屠砚岚","创业者","虚构·棠砾砚岚实验项目035","想法阶段","企业服务 / SaaS","社群","否","未到场","未到场","","未到场","Synthetic Demo Data；无现场交流记录"
"A036","蒲砚岚","创业者","虚构·岚砚砚岚实验项目039","已有收入","消费科技","社群","是","寻找合作伙伴","待跟进","小林","添加微信并确认合作场景","Synthetic Demo Data；已描述具体试点合作场景"
"A037","宓沐弦","科技从业者","虚构·栎澄沐弦技术工作室078","不适用","AI 应用","社群","是","行业交流","暂不跟进","","暂无","Synthetic Demo Data；仅交流方向，未约定后续动作"
"A038","缪予桐","投资人","虚构·岚砚予桐创投研究室049","不适用","其他","公众号","是","寻找创业者","待跟进","景川","确认投资方向并介绍相关创业者","Synthetic Demo Data；希望了解匹配方向的创业项目"
"A039","蔺予桐","创业者","虚构·序苔予桐实验项目044","已有收入","其他","朋友推荐","是","暂无明确需求","暂不跟进","","暂无","Synthetic Demo Data；本次以旁听了解为主"
"A040","缪砚岚","创业者","虚构·岚砚砚岚实验项目029","已有收入","AI 应用","朋友推荐","是","暂无明确需求","暂不跟进","","暂无","Synthetic Demo Data；本次以旁听了解为主"
"A041","宓知蘅","其他","虚构·栎澄知蘅创新研习社098","不适用","消费科技","社群","否","未到场","未到场","","未到场","Synthetic Demo Data；无现场交流记录"
"A042","佟沐弦","产业嘉宾","虚构·芦序沐弦产业协作社070","不适用","Robotics","小红书","是","行业交流","暂不跟进","","暂无","Synthetic Demo Data；仅交流方向，未约定后续动作"
"A043","郜序禾","创业者","虚构·序苔序禾实验项目014","想法阶段","AI 应用","社群","是","行业交流","暂不跟进","","暂无","Synthetic Demo Data；仅交流方向，未约定后续动作"
"A044","岑序禾","创业者","虚构·砚岚序禾实验项目001","已上线","AI Agent","合作机构","是","暂无明确需求","暂不跟进","","暂无","Synthetic Demo Data；本次以旁听了解为主"
"A045","晏予桐","产业嘉宾","虚构·汀穗予桐产业协作社057","不适用","AI 应用","社群","是","暂无明确需求","暂不跟进","","暂无","Synthetic Demo Data；本次以旁听了解为主"
"A046","芮序禾","创业者","虚构·沐弦序禾实验项目003","想法阶段","AI Agent","社群","是","行业交流","暂不跟进","","暂无","Synthetic Demo Data；仅交流方向，未约定后续动作"
"A047","储知蘅","科技从业者","虚构·栎澄知蘅技术工作室088","不适用","开发者工具","合作机构","是","暂无明确需求","暂不跟进","","暂无","Synthetic Demo Data；本次以旁听了解为主"
"A048","屠予桐","投资人","虚构·棠砾予桐创投研究室055","不适用","Robotics","公众号","是","行业交流","暂不跟进","","暂无","Synthetic Demo Data；仅交流方向，未约定后续动作"
"A049","简砚岚","创业者","虚构·芦序砚岚实验项目040","融资中","Robotics","朋友推荐","是","寻找合作伙伴","已完成对接","","暂无","Synthetic Demo Data；双方已确认介绍完成，暂无线索任务"
"A050","滕砚岚","创业者","虚构·沐弦砚岚实验项目033","想法阶段","AI Agent","社群","否","未到场","未到场","","未到场","Synthetic Demo Data；无现场交流记录"
"A051","郜沐弦","科技从业者","虚构·序苔沐弦技术工作室074","不适用","企业服务 / SaaS","合作机构","是","行业交流","暂不跟进","","暂无","Synthetic Demo Data；仅交流方向，未约定后续动作"
"A052","郜予桐","投资人","虚构·序苔予桐创投研究室054","不适用","AI 应用","社群","否","未到场","未到场","","未到场","Synthetic Demo Data；无现场交流记录"
"A053","宓砚岚","创业者","虚构·栎澄砚岚实验项目038","已有收入","AI Agent","公众号","否","未到场","未到场","","未到场","Synthetic Demo Data；无现场交流记录"
"A054","蔺沐弦","产业嘉宾","虚构·序苔沐弦产业协作社064","不适用","企业服务 / SaaS","公众号","是","行业交流","暂不跟进","","暂无","Synthetic Demo Data；仅交流方向，未约定后续动作"
"A055","郁沐弦","产业嘉宾","虚构·栖禾沐弦产业协作社062","不适用","企业服务 / SaaS","社群","是","寻找合作伙伴","已初步建联","小林","补充合作需求与试点资料","Synthetic Demo Data；已描述具体试点合作场景"
"A056","邵序禾","创业者","虚构·棠砾序禾实验项目005","已上线","AI 应用","公众号","是","行业交流","暂不跟进","","暂无","Synthetic Demo Data；仅交流方向，未约定后续动作"
"A057","晏知蘅","其他","虚构·汀穗知蘅创新研习社097","不适用","其他","朋友推荐","是","暂无明确需求","暂不跟进","","暂无","Synthetic Demo Data；本次以旁听了解为主"
"A058","阮予桐","投资人","虚构·汀穗予桐创投研究室047","不适用","消费科技","小红书","是","寻找创业者","待跟进","景川","确认投资方向并介绍相关创业者","Synthetic Demo Data；希望了解匹配方向的创业项目"
"A059","邬序禾","创业者","虚构·弥杉序禾实验项目016","已有收入","企业服务 / SaaS","合作机构","是","暂无明确需求","暂不跟进","","暂无","Synthetic Demo Data；本次以旁听了解为主"
"A060","储沐弦","产业嘉宾","虚构·栎澄沐弦产业协作社068","不适用","开发者工具","朋友推荐","否","未到场","未到场","","未到场","Synthetic Demo Data；无现场交流记录"
"A061","简序禾","创业者","虚构·芦序序禾实验项目020","已上线","开发者工具","朋友推荐","是","寻找合作伙伴","待跟进","小林","添加微信并确认合作场景","Synthetic Demo Data；已描述具体试点合作场景"
"A062","邬知蘅","其他","虚构·弥杉知蘅创新研习社096","不适用","消费科技","合作机构","是","行业交流","暂不跟进","","暂无","Synthetic Demo Data；仅交流方向，未约定后续动作"
"A063","阮序禾","创业者","虚构·汀穗序禾实验项目007","想法阶段","AI Agent","公众号","否","未到场","未到场","","未到场","Synthetic Demo Data；无现场交流记录"
"A064","嵇沐弦","产业嘉宾","虚构·弥杉沐弦产业协作社066","不适用","Robotics","合作机构","是","暂无明确需求","暂不跟进","","暂无","Synthetic Demo Data；本次以旁听了解为主"
"A065","瞿知蘅","科技从业者","虚构·砚岚知蘅技术工作室091","不适用","开发者工具","小红书","是","行业交流","暂不跟进","","暂无","Synthetic Demo Data；仅交流方向，未约定后续动作"
"A066","岑砚岚","创业者","虚构·砚岚砚岚实验项目021","MVP","企业服务 / SaaS","社群","否","未到场","未到场","","未到场","Synthetic Demo Data；无现场交流记录"
"A067","瞿砚岚","创业者","虚构·砚岚砚岚实验项目031","想法阶段","AI Agent","公众号","否","未到场","未到场","","未到场","Synthetic Demo Data；无现场交流记录"
"A068","蒲知蘅","其他","虚构·岚砚知蘅创新研习社099","不适用","AI Agent","公众号","否","未到场","未到场","","未到场","Synthetic Demo Data；无现场交流记录"
"A069","佟予桐","投资人","虚构·芦序予桐创投研究室050","不适用","AI Agent","公众号","是","寻找创业者","跟进中","景川","约创业者线上沟通","Synthetic Demo Data；希望了解匹配方向的创业项目"
"A070","嵇知蘅","科技从业者","虚构·弥杉知蘅技术工作室086","不适用","开发者工具","社群","是","行业交流","暂不跟进","","暂无","Synthetic Demo Data；仅交流方向，未约定后续动作"
"A071","蔺砚岚","创业者","虚构·序苔砚岚实验项目024","已上线","企业服务 / SaaS","小红书","是","行业交流","暂不跟进","","暂无","Synthetic Demo Data；仅交流方向，未约定后续动作"
"A072","岑沐弦","产业嘉宾","虚构·砚岚沐弦产业协作社061","不适用","企业服务 / SaaS","社群","是","行业交流","暂不跟进","","暂无","Synthetic Demo Data；仅交流方向，未约定后续动作"
"A073","郜砚岚","创业者","虚构·序苔砚岚实验项目034","MVP","Robotics","朋友推荐","是","行业交流","暂不跟进","","暂无","Synthetic Demo Data；仅交流方向，未约定后续动作"
"A074","郁知蘅","科技从业者","虚构·栖禾知蘅技术工作室082","不适用","AI Agent","社群","是","暂无明确需求","暂不跟进","","暂无","Synthetic Demo Data；本次以旁听了解为主"
"A075","滕序禾","创业者","虚构·沐弦序禾实验项目013","融资中","AI Agent","社群","是","寻找合作伙伴","待跟进","小林","添加微信并确认合作场景","Synthetic Demo Data；已描述具体试点合作场景"
"A076","邵砚岚","创业者","虚构·棠砾砚岚实验项目025","MVP","AI 应用","朋友推荐","否","未到场","未到场","","未到场","Synthetic Demo Data；无现场交流记录"
"A077","蔺知蘅","科技从业者","虚构·序苔知蘅技术工作室084","不适用","Robotics","小红书","是","行业交流","暂不跟进","","暂无","Synthetic Demo Data；仅交流方向，未约定后续动作"
"A078","芮知蘅","科技从业者","虚构·沐弦知蘅技术工作室083","不适用","AI 应用","朋友推荐","是","行业交流","暂不跟进","","暂无","Synthetic Demo Data；仅交流方向，未约定后续动作"
"A079","瞿予桐","投资人","虚构·砚岚予桐创投研究室051","不适用","AI Agent","社群","否","未到场","未到场","","未到场","Synthetic Demo Data；无现场交流记录"
"A080","晏砚岚","创业者","虚构·汀穗砚岚实验项目037","想法阶段","开发者工具","社群","是","行业交流","暂不跟进","","暂无","Synthetic Demo Data；仅交流方向，未约定后续动作"
"A081","蒲予桐","产业嘉宾","虚构·岚砚予桐产业协作社059","不适用","Robotics","小红书","是","寻找合作伙伴","已初步建联","小林","补充合作需求与试点资料","Synthetic Demo Data；已描述具体试点合作场景"
"A082","阮沐弦","产业嘉宾","虚构·汀穗沐弦产业协作社067","不适用","其他","合作机构","是","行业交流","暂不跟进","","暂无","Synthetic Demo Data；仅交流方向，未约定后续动作"
"A083","简知蘅","其他","虚构·芦序知蘅创新研习社100","不适用","开发者工具","社群","否","未到场","未到场","","未到场","Synthetic Demo Data；无现场交流记录"
"A084","屠知蘅","其他","虚构·棠砾知蘅创新研习社095","不适用","其他","合作机构","是","行业交流","暂不跟进","","暂无","Synthetic Demo Data；仅交流方向，未约定后续动作"
"A085","滕知蘅","其他","虚构·沐弦知蘅创新研习社093","不适用","企业服务 / SaaS","小红书","是","暂无明确需求","暂不跟进","","暂无","Synthetic Demo Data；本次以旁听了解为主"
"A086","缪沐弦","产业嘉宾","虚构·岚砚沐弦产业协作社069","不适用","AI 应用","合作机构","否","未到场","未到场","","未到场","Synthetic Demo Data；无现场交流记录"
"A087","郁予桐","创业者","虚构·栖禾予桐实验项目042","MVP","AI 应用","社群","是","寻找合作伙伴","跟进中","小林","约试点方案线上沟通","Synthetic Demo Data；已描述具体试点合作场景"
"A088","晏沐弦","科技从业者","虚构·汀穗沐弦技术工作室077","不适用","企业服务 / SaaS","合作机构","是","暂无明确需求","暂不跟进","","暂无","Synthetic Demo Data；本次以旁听了解为主"
"A089","郜知蘅","其他","虚构·序苔知蘅创新研习社094","不适用","AI 应用","社群","否","未到场","未到场","","未到场","Synthetic Demo Data；无现场交流记录"
"A090","蒲沐弦","科技从业者","虚构·岚砚沐弦技术工作室079","不适用","AI Agent","小红书","否","未到场","未到场","","未到场","Synthetic Demo Data；无现场交流记录"
"A091","阮知蘅","科技从业者","虚构·汀穗知蘅技术工作室087","不适用","AI 应用","朋友推荐","是","行业交流","暂不跟进","","暂无","Synthetic Demo Data；仅交流方向，未约定后续动作"
"A092","缪知蘅","科技从业者","虚构·岚砚知蘅技术工作室089","不适用","企业服务 / SaaS","公众号","是","寻找合作伙伴","待跟进","小林","添加微信并确认合作场景","Synthetic Demo Data；已描述具体试点合作场景"
"A093","简沐弦","科技从业者","虚构·芦序沐弦技术工作室080","不适用","Robotics","小红书","否","未到场","未到场","","未到场","Synthetic Demo Data；无现场交流记录"
"A094","蒲序禾","创业者","虚构·岚砚序禾实验项目019","已有收入","Robotics","朋友推荐","是","行业交流","暂不跟进","","暂无","Synthetic Demo Data；仅交流方向，未约定后续动作"
"A095","晏序禾","创业者","虚构·汀穗序禾实验项目017","MVP","AI Agent","社群","否","未到场","未到场","","未到场","Synthetic Demo Data；无现场交流记录"
"A096","邵知蘅","科技从业者","虚构·棠砾知蘅技术工作室085","不适用","开发者工具","朋友推荐","是","暂无明确需求","暂不跟进","","暂无","Synthetic Demo Data；本次以旁听了解为主"
"A097","邵予桐","创业者","虚构·棠砾予桐实验项目045","MVP","其他","社群","否","未到场","未到场","","未到场","Synthetic Demo Data；无现场交流记录"
"A098","滕沐弦","科技从业者","虚构·沐弦沐弦技术工作室073","不适用","AI Agent","社群","否","未到场","未到场","","未到场","Synthetic Demo Data；无现场交流记录"
"A099","缪序禾","创业者","虚构·岚砚序禾实验项目009","MVP","AI Agent","社群","是","暂无明确需求","暂不跟进","","暂无","Synthetic Demo Data；本次以旁听了解为主"
"A100","岑予桐","创业者","虚构·砚岚予桐实验项目041","已上线","企业服务 / SaaS","社群","否","未到场","未到场","","未到场","Synthetic Demo Data；无现场交流记录"
